"Season","Age","Tm","Lg","Pos","G","MP","PER","TS.","X3PAr","FTr","ORB.","DRB.","TRB.","AST.","STL.","BLK.","TOV.","USG.","OWS","DWS","WS","WS.48","OBPM","DBPM","BPM","VORP","player","ID"
"2020-21",21,"MIA","NBA","PF",61,737,14.2,0.55,0.004,0.482,11.5,20.6,16.1,6.1,1.3,4,13.5,19.5,0.3,1,1.3,0.085,-3.6,-0.5,-4.1,-0.4,"Precious Achiuwa","achiupr01"
"2020-21",27,"NOP","NBA","C",58,1605,15.1,0.596,0.01,0.438,14.4,20.4,17.4,9.1,1.6,2.2,17.5,11.7,2.3,1.7,4,0.119,-0.4,0.1,-0.3,0.7,"Steven Adams","adamsst01"
"2020-21",23,"MIA","NBA","C",64,2143,22.7,0.626,0.01,0.443,7.7,22.6,15.3,26.9,1.7,3.2,15,23.7,5.6,3.2,8.8,0.197,2.9,2,4.9,3.7,"Bam Adebayo","adebaba01"
"2020-21",22,"NOP","NBA","SG",46,1007,12.5,0.522,0.478,0.144,1.4,14.1,7.8,14.7,2.2,2.1,12.4,23.2,-0.3,1,0.7,0.035,-1.4,0.1,-1.3,0.2,"Nickeil Alexander-Walker","alexani01"
"2020-21",25,"MEM","NBA","SG",50,1259,12.8,0.586,0.662,0.22,1.6,12,6.7,11.5,1.7,0.6,9.6,16.8,1.5,1.2,2.7,0.101,-0.2,0.1,-0.2,0.6,"Grayson Allen","allengr01"
"2020-21",22,"TOT","NBA","C",63,1864,20.1,0.661,0.039,0.602,11.6,26.3,18.9,8.7,0.8,4.3,14.1,16.6,4.3,2.1,6.4,0.166,1.3,-0.2,1.1,1.4,"Jarrett Allen","allenja01"
"2020-21",22,"BRK","NBA","C",12,320,21.5,0.73,0,0.938,13.8,28.6,21.6,8.3,1.1,5.2,19.3,15.5,1,0.5,1.4,0.216,1.7,0.9,2.6,0.4,"Jarrett Allen","allenja01"
"2020-21",22,"CLE","NBA","C",51,1544,19.8,0.649,0.046,0.549,11.2,25.9,18.3,8.8,0.8,4.1,13.1,16.8,3.4,1.6,5,0.155,1.2,-0.4,0.8,1.1,"Jarrett Allen","allenja01"
"2020-21",27,"MEM","NBA","PF",69,1887,17.2,0.578,0.397,0.28,2.9,19.5,11.1,18.3,2.1,2.7,10.4,18.5,2.9,2.7,5.6,0.143,1.4,1.9,3.3,2.5,"Kyle Anderson","anderky01"
"2020-21",26,"MIL","NBA","PF",61,2013,29.2,0.633,0.201,0.528,5.3,28.9,17.5,28.7,1.7,3.2,13.2,32.5,6.9,3.3,10.2,0.244,6.2,2.8,9,5.6,"Giannis Antetokounmpo","antetgi01"
"2020-21",28,"MIL","NBA","SF",57,551,10.3,0.523,0.212,0.358,10.7,12.9,11.8,10.3,1.9,1.6,21.3,15.3,0,0.6,0.7,0.057,-3.7,0.2,-3.5,-0.2,"Thanasis Antetokounmpo","antetth01"
"2020-21",20,"ORL","NBA","PG",47,1273,12.1,0.496,0.312,0.237,3,15.4,9,24.2,1.1,1.3,14.8,24.3,-0.9,0.9,0,-0.001,-1.9,-1.4,-3.3,-0.4,"Cole Anthony","anthoco01"
"2020-21",23,"TOR","NBA","SF",43,1433,15.4,0.605,0.503,0.197,4,14.6,9.1,10.1,2.2,2.2,11.7,19.3,1.5,1.6,3.1,0.104,0.8,0.4,1.2,1.2,"OG Anunoby","anunoog01"
"2020-21",26,"CHI","NBA","PG",44,450,9.8,0.541,0.573,0.171,1.2,15.1,8.3,16.3,1,0,7.4,13.1,0.5,0.4,0.9,0.093,-2.6,0.3,-2.3,0,"Ryan Arcidiacono","arcidry01"
"2020-21",20,"WAS","NBA","SF",54,1257,7.6,0.515,0.538,0.144,1.9,20.2,11,6.3,1.2,1,9,12,0,1.2,1.2,0.046,-3.6,0.4,-3.1,-0.4,"Deni Avdija","avdijde01"
"2020-21",22,"PHO","NBA","C",69,2115,20.3,0.653,0.029,0.252,12.4,26.3,19.5,6.8,1,3.4,11.9,18.2,5.3,3.1,8.4,0.191,1.1,0.1,1.2,1.7,"Deandre Ayton","aytonde01"
"2020-21",21,"UTA","NBA","C",15,57,10.3,0.597,0,1.111,7.8,16,12.1,0,0.9,5.7,18.3,12.4,0,0.1,0.1,0.119,-5.5,1.7,-3.8,0,"Udoka Azubuike","azubuud01"
"2020-21",21,"SAC","NBA","PF",43,1112,16.3,0.554,0.22,0.273,10.4,21.5,15.9,5.8,0.9,1.6,9.7,23.5,0.9,0.5,1.4,0.059,-0.4,-2.7,-3.1,-0.3,"Marvin Bagley III","baglema01"
"2020-21",19,"CHO","NBA","PG",51,1469,17.5,0.539,0.388,0.246,4.6,17.9,11.1,33.9,2.7,1.2,16.3,26.1,1,1.9,2.8,0.093,1.1,0.7,1.8,1.4,"LaMelo Ball","ballla01"
"2020-21",22,"ORL","NBA","C",46,725,19.3,0.556,0.392,0.219,10.5,28,19,8.1,0.9,7.3,9.8,21.8,0.7,1.1,1.8,0.117,0.2,0,0.1,0.4,"Mo Bamba","bambamo01"
"2020-21",22,"MEM","NBA","SG",68,1519,12.2,0.6,0.543,0.098,2.1,12.6,7.3,10.6,1.3,0.9,10.2,16.1,1.6,1.3,2.9,0.093,-0.6,-0.2,-0.8,0.5,"Desmond Bane","banede01"
"2020-21",28,"SAC","NBA","PF",58,2102,15.4,0.626,0.399,0.366,3.3,17.2,10.2,13,1,0.4,11.1,17.2,4,0.5,4.5,0.103,1.5,-1.3,0.2,1.1,"Harrison Barnes","barneha02"
"2020-21",20,"NYK","NBA","SG",72,2511,13.4,0.535,0.292,0.26,3,14.8,8.9,13.8,1.1,0.8,10.5,23.4,0.9,3.1,4.1,0.078,-0.9,-0.3,-1.2,0.5,"RJ Barrett","barrerj01"
"2020-21",30,"DEN","NBA","SF",56,1736,11.8,0.538,0.423,0.199,2.6,12.2,7.4,14.1,1.4,1.3,12.7,19,0.7,1.5,2.2,0.061,-1,-0.8,-1.9,0.1,"Will Barton","bartowi01"
"2020-21",25,"SAS","NBA","SF",30,245,12,0.518,0.254,0.313,3.8,17.7,10.6,6.6,2.2,1.7,8.4,14.8,0.1,0.3,0.3,0.068,-2.3,0.4,-1.9,0,"Keita Bates-Diop","bateske01"
"2020-21",32,"LAC","NBA","SF",67,1835,12.9,0.617,0.66,0.141,3.2,15.9,9.7,10.5,1.9,1.8,10.8,11.8,2.7,2.3,5,0.132,0.6,1.5,2.1,1.9,"Nicolas Batum","batumni01"
"2020-21",20,"OKC","NBA","PF",55,1714,9.7,0.491,0.414,0.258,3.1,21.2,12,8.9,0.8,1.3,13.7,22.1,-2.3,1.4,-0.9,-0.026,-3.1,-1.3,-4.4,-1,"Darius Bazley","bazleda01"
"2020-21",27,"WAS","NBA","SG",60,2147,22.7,0.593,0.27,0.332,3.6,10.4,7,21.3,1.5,0.9,10.6,34.1,4.2,1.7,5.9,0.132,4.8,-1.4,3.4,2.9,"Bradley Beal","bealbr01"
"2020-21",24,"MIN","NBA","SG",37,1214,14.6,0.57,0.535,0.133,2.4,12.4,7.2,11.6,1.2,0.5,8.6,24,0.9,0.4,1.3,0.053,1.6,-1.8,-0.2,0.6,"Malik Beasley","beaslma01"
"2020-21",28,"WAS","NBA","PF",57,1464,11.4,0.62,0.895,0.241,1.3,10.8,6.1,4.4,1,0.7,5.9,15.9,2.1,1,3.1,0.101,0.3,-1.1,-0.8,0.4,"Dāvis Bertāns","bertada01"
"2020-21",32,"LAC","NBA","PG",37,832,12,0.58,0.641,0.205,4,11.8,8,12,1.7,3,12.4,14.6,1,1,2.1,0.119,-0.7,1.4,0.7,0.6,"Patrick Beverley","beverpa01"
"2020-21",21,"DET","NBA","SF",70,1909,12.6,0.567,0.666,0.213,2.5,16.2,9.3,7.6,1.3,0.6,7.4,18.7,1.6,1.7,3.3,0.082,0.3,-0.8,-0.5,0.7,"Saddiq Bey","beysa01"
"2020-21",28,"TOT","NBA","C",67,1529,15.1,0.552,0.137,0.339,11.6,15.3,13.4,8.5,1.5,3.1,9.2,13.6,2.3,1.4,3.8,0.118,-1,0.1,-1,0.4,"Khem Birch","birchkh01"
"2020-21",28,"ORL","NBA","C",48,952,14.1,0.517,0.1,0.407,12.3,14.2,13.2,8,1.6,2.7,8.5,12.2,1.3,0.8,2.1,0.106,-1.7,0.1,-1.6,0.1,"Khem Birch","birchkh01"
"2020-21",28,"TOR","NBA","C",19,577,16.9,0.596,0.181,0.257,10.5,17.2,13.7,9.4,1.3,3.8,9.9,15.8,1.1,0.6,1.7,0.138,0.1,0,0.1,0.3,"Khem Birch","birchkh01"
"2020-21",21,"IND","NBA","C",45,561,16.3,0.523,0.407,0.314,11.7,17.3,14.5,8.9,0.8,8.7,7.1,18.1,0.7,0.8,1.5,0.129,-2,1,-1,0.1,"Goga Bitadze","bitadgo01"
"2020-21",28,"CHO","NBA","C",66,1349,11.7,0.574,0.004,0.434,10.8,17.1,13.9,8.3,0.6,5.4,19.8,11.5,0.9,1.4,2.3,0.081,-3.4,0.4,-3,-0.4,"Bismack Biyombo","biyombi01"
"2020-21",28,"ATL","NBA","SG",44,1305,17.6,0.616,0.589,0.078,1.7,11.5,6.7,17.6,1.8,0.9,8.5,21.3,2.8,1.1,3.9,0.142,3.3,0.3,3.6,1.8,"Bogdan Bogdanović","bogdabo01"
"2020-21",31,"UTA","NBA","SF",72,2216,14,0.588,0.498,0.286,2,11.1,6.7,9.1,1,0.1,10.9,22.8,2.7,2.5,5.2,0.113,0.2,-0.7,-0.4,0.9,"bojan bogdanovic","bogdabo02"
"2020-21",21,"DEN","NBA","PF",32,160,9.4,0.534,0.414,0.259,0,16.9,8.5,6,0.9,6.1,16.8,21.2,-0.2,0.2,0,-0.004,-3.8,-0.3,-4.1,-0.1,"Bol Bol","bolbo01"
"2020-21",24,"PHO","NBA","SG",67,2270,19.2,0.587,0.288,0.305,1.7,12.1,7,20.6,1.2,0.6,12.4,32.7,2.9,2,4.9,0.104,1.7,-1.4,0.3,1.3,"Devin Booker","bookede01"
"2020-21",28,"TOR","NBA","C",60,1453,21.9,0.634,0.42,0.345,8.5,22.5,15.3,6.9,1.2,7.6,6.7,20.5,4,2.1,6.1,0.201,2.7,0.6,3.3,2,"Chris Boucher","bouchch01"
"2020-21",23,"TOT","NBA","C",42,684,20.7,0.678,0.015,0.279,13.3,24,18.6,8.5,1,3.9,13,15.8,1.8,1,2.7,0.192,1.2,0.1,1.3,0.6,"Tony Bradley","bradlto01"
"2020-21",23,"PHI","NBA","C",20,287,21.1,0.683,0.013,0.147,15.2,24.5,19.9,8.7,1,4.1,7,12.9,1,0.5,1.5,0.245,2.3,1,3.3,0.4,"Tony Bradley","bradlto01"
"2020-21",23,"OKC","NBA","C",22,397,20.4,0.676,0.016,0.361,11.9,23.6,17.7,8.3,1.1,3.8,16,18,0.8,0.5,1.3,0.154,0.4,-0.5,-0.2,0.2,"Tony Bradley","bradlto01"
"2020-21",24,"UTA","NBA","PF",28,138,16.6,0.605,0.538,0.038,7.2,13.3,10.4,16.1,2.5,1.2,13.1,19,0.3,0.2,0.5,0.172,0.6,1.6,2.2,0.1,"Jarrell Brantley","brantja01"
"2020-21",24,"PHO","NBA","SF",72,2348,16.4,0.667,0.471,0.196,3.7,11.1,7.5,8.8,1.6,2.4,7.3,14.9,5.4,2.6,8,0.164,2.4,0.9,3.3,3.1,"Mikal Bridges","bridgmi01"
"2020-21",22,"IND","NBA","SF",21,519,17.2,0.638,0.517,0.43,6.1,17.9,12,4.6,1.7,3.1,5.3,15.6,1.2,0.6,1.8,0.165,1.1,-0.5,0.6,0.3,"Oshae Brissett","brissos01"
"2020-21",28,"IND","NBA","PG",56,1930,17.9,0.561,0.382,0.181,3.3,13.2,8.3,25.7,1.2,0.6,9.8,25.9,2.9,1.3,4.2,0.105,3,-0.9,2.1,2,"Malcolm Brogdon","brogdma01"
"2020-21",25,"MEM","NBA","SF",67,1997,12.1,0.515,0.361,0.189,2.8,7.7,5.2,11.7,1.9,1.2,9.6,26.1,-0.5,1.8,1.4,0.033,-2.6,-1.1,-3.7,-0.9,"Dillon Brooks","brookdi01"
"2020-21",24,"BRK","NBA","PG",65,1451,16.1,0.604,0.139,0.277,8.9,17.2,13.3,9.8,1.9,1.7,10.2,15.9,2.8,1.5,4.4,0.144,-0.4,0.2,-0.1,0.7,"Bruce Brown","brownbr01"
"2020-21",24,"BOS","NBA","SG",58,1999,19.9,0.586,0.37,0.225,3.9,15.5,9.7,16.5,1.8,1.5,11.5,29.7,2.8,2,4.8,0.115,3.2,-0.7,2.5,2.3,"Jaylen Brown","brownja02"
"2020-21",21,"OKC","NBA","C",43,920,18.8,0.572,0,0.47,17.2,26.2,21.6,1.7,1.6,4.5,11.7,16.9,1.3,1.3,2.6,0.138,-1.3,-1.2,-2.4,-0.1,"Moses Brown","brownmo01"
"2020-21",25,"HOU","NBA","SG",51,1229,11.1,0.597,0.642,0.093,3.2,16.8,9.7,8.4,1.5,0.9,10.5,13.5,1,0.8,1.8,0.071,-1.6,0,-1.6,0.1,"Sterling Brown","brownst02"
"2020-21",21,"TOT","NBA","SF",34,524,8.5,0.525,0.486,0.146,4.2,17.4,10.8,7.2,0.9,1,12.1,14,0,0.5,0.5,0.043,-3.3,-0.6,-4,-0.3,"Troy Brown Jr.","browntr01"
"2020-21",21,"WAS","NBA","SF",21,287,6.3,0.471,0.517,0.169,4.1,18.4,11.3,8.5,0.5,1.2,14.3,16.1,-0.3,0.2,-0.1,-0.009,-4.2,-1.3,-5.5,-0.3,"Troy Brown Jr.","browntr01"
"2020-21",21,"CHI","NBA","SF",13,237,11.2,0.616,0.436,0.109,4.3,16.2,10.3,5.6,1.4,0.7,8,11.5,0.3,0.2,0.5,0.107,-2.3,0.2,-2.2,0,"Troy Brown Jr.","browntr01"
"2020-21",24,"DAL","NBA","PG",68,1697,17.1,0.618,0.319,0.241,1.8,13.1,7.5,21.3,1,0.1,10.3,20.2,3.9,1.1,5.1,0.143,1.5,-0.6,0.9,1.2,"Jalen Brunson","brunsja01"
"2020-21",23,"WAS","NBA","C",10,271,18.7,0.704,0.231,0.264,7.1,16.8,11.9,8.2,0.7,2.5,9.8,17.2,0.7,0.2,1,0.171,1.4,-0.6,0.9,0.2,"Thomas Bryant","bryanth01"
"2020-21",29,"NYK","NBA","SF",65,1949,11.1,0.606,0.709,0.098,0.9,11.4,6.2,7.4,1.3,0.5,7.1,14.4,2.3,2.3,4.6,0.114,-0.9,0.8,-0.1,0.9,"Reggie Bullock","bullore01"
"2020-21",29,"NYK","NBA","SG",49,1255,14.8,0.564,0.492,0.236,1.8,17.6,9.8,13.2,1.2,1.1,8.2,21.3,1.5,1.8,3.3,0.126,0.9,0.6,1.5,1.1,"Alec Burks","burksal01"
"2020-21",31,"MIA","NBA","SF",52,1745,26.5,0.607,0.139,0.565,6.3,17.1,11.8,35.1,3.1,1.1,10.6,26.6,6.6,2.7,9.3,0.255,5.4,2.3,7.7,4.3,"Jimmy Butler","butleji01"
"2020-21",27,"LAL","NBA","SG",67,1902,10.7,0.588,0.579,0.221,1.6,8.9,5.3,9.2,1.6,1.2,10.6,14.2,1.6,2.6,4.2,0.107,-1.6,1,-0.5,0.7,"Kentavious Caldwell-Pope","caldwke01"
"2020-21",29,"DEN","NBA","PG",65,1425,11.6,0.558,0.686,0.289,1.8,8.9,5.3,20.2,2.7,1,17.1,13.1,1.6,1.5,3.1,0.105,-1.7,1.2,-0.6,0.5,"Facundo Campazzo","campafa01"
"2020-21",23,"DEN","NBA","PF",41,281,9.7,0.547,0.458,0.181,4.5,15.7,10.1,6.4,1.9,0.7,15.3,14.2,0,0.3,0.3,0.053,-2.6,0,-2.6,0,"Vlatko Čančar","cancavl01"
"2020-21",26,"ATL","NBA","C",63,1898,24.3,0.601,0,0.327,17.5,34.3,26.1,4.1,1.1,6,8.4,19.9,4.9,3.3,8.2,0.207,2.7,0,2.7,2.2,"Clint Capela","capelca01"
"2020-21",19,"CHO","NBA","C",19,115,11.7,0.563,0.194,0.306,5.6,20.1,12.7,2.6,0.4,4.3,10.9,17.2,0,0.1,0.2,0.066,-4.4,-1.7,-6.1,-0.1,"Vernon Carey Jr.","careyve01"
"2020-21",25,"PHO","NBA","PG",60,717,12.2,0.548,0.677,0.031,2.6,11.8,7.3,13,2,1.1,6.6,15,0.7,0.8,1.6,0.104,-0.4,0.9,0.5,0.5,"Jevon Carter","carteje01"
"2020-21",21,"TOT","NBA","C",54,1375,16.7,0.566,0.112,0.392,10.2,24.6,17.4,11.2,1.2,2.7,12.7,19.3,1.7,1.7,3.4,0.118,-1.1,-0.2,-1.3,0.2,"Wendell Carter Jr.","cartewe01"
"2020-21",21,"CHI","NBA","C",32,792,16.3,0.578,0.087,0.44,9.9,24.9,17.5,12.3,1.1,2.6,14,19.1,1.1,1,2.1,0.13,-1.4,0.4,-1,0.2,"Wendell Carter Jr.","cartewe01"
"2020-21",21,"ORL","NBA","C",22,583,17.3,0.549,0.141,0.332,10.7,24.1,17.2,9.7,1.4,2.8,11,19.5,0.6,0.7,1.2,0.103,-0.8,-1,-1.7,0,"Wendell Carter Jr.","cartewe01"
"2020-21",29,"ORL","NBA","SG",31,800,9.5,0.449,0.226,0.296,4.9,13.4,9,24.3,1.5,1.9,18.4,20.2,-1.1,0.6,-0.5,-0.028,-4.6,-0.2,-4.8,-0.6,"Michael Carter-Williams","cartemi01"
"2020-21",26,"LAL","NBA","PG",58,1216,11.1,0.547,0.449,0.249,2.9,12.8,7.9,18.1,2.6,1.1,18.3,14.8,0.3,2.1,2.4,0.095,-2.5,2.5,0,0.6,"Alex Caruso","carusal01"
"2020-21",24,"MEM","NBA","PF",59,1415,17.3,0.56,0.156,0.228,7.2,17.5,12.3,9.5,2,3.2,5.7,17.2,2.2,2,4.2,0.142,0.4,1.2,1.5,1.3,"Brandon Clarke","clarkbr01"
"2020-21",28,"UTA","NBA","SG",68,1818,17.1,0.549,0.557,0.134,2.9,12.7,8,15.3,1.6,0.4,9.2,29.7,1.7,2.5,4.2,0.111,1.8,-0.4,1.4,1.6,"Jordan Clarkson","clarkjo01"
"2020-21",21,"BRK","NBA","C",32,594,16.9,0.612,0.034,0.441,8.4,21.8,15.4,6.4,1.9,5.9,9.4,14,1,0.9,1.9,0.153,-1,1.4,0.4,0.4,"Nic Claxton","claxtni01"
"2020-21",23,"LAC","NBA","SG",44,394,10.1,0.585,0.544,0.369,2.9,9.4,6.3,7.4,1.3,0,11.1,15.1,0.4,0.3,0.7,0.085,-1.9,-0.1,-2,0,"Amir Coffey","coffeam01"
"2020-21",23,"ATL","NBA","PF",63,1848,20.6,0.645,0.27,0.265,7.1,20.3,13.8,6.9,0.9,3,8.9,22.2,4.8,1.9,6.7,0.174,2.5,-0.2,2.3,2,"John Collins","collijo01"
"2020-21",33,"UTA","NBA","PG",51,1498,19.2,0.589,0.523,0.222,2.7,9.6,6.3,30.6,2.3,0.5,12.4,23.1,4,2.1,6.1,0.197,3.6,1.3,4.9,2.6,"Mike Conley","conlemi01"
"2020-21",28,"MIL","NBA","SG",69,1575,11.3,0.578,0.703,0.103,4.4,17.3,11.1,6.3,1.5,1.3,7.5,11.6,1.8,1.7,3.5,0.108,-0.5,0.5,0,0.8,"Pat Connaughton","connapa01"
"2020-21",30,"POR","NBA","PF",70,2243,11.2,0.553,0.699,0.122,2.8,19.8,11.1,6.8,2.2,3.4,10.7,11.5,1.4,2.4,3.7,0.08,-1.3,1.5,0.2,1.2,"Robert Covington","covinro01"
"2020-21",30,"TOT","NBA","SF",50,803,14.2,0.579,0.467,0.097,8.1,19.1,13.7,7.9,1.7,2.9,9.6,14.3,1.1,1.1,2.2,0.133,-0.3,0.7,0.4,0.5,"Torrey Craig","craigto01"
"2020-21",30,"MIL","NBA","SF",18,201,10.3,0.48,0.478,0.043,7.1,15.1,11.2,9.5,2.1,3.1,9.6,10.8,0.1,0.3,0.4,0.097,-2.2,1.6,-0.6,0.1,"Torrey Craig","craigto01"
"2020-21",30,"PHO","NBA","SF",32,602,15.5,0.603,0.464,0.11,8.4,20.4,14.5,7.4,1.6,2.8,9.5,15.5,1,0.8,1.8,0.145,0.4,0.4,0.8,0.4,"Torrey Craig","craigto01"
"2020-21",30,"PHO","NBA","PF",60,1648,11.8,0.574,0.772,0.152,2.2,16.9,9.7,10,1.4,1.5,9.5,15.7,1.4,1.9,3.3,0.097,0.3,0.8,1.1,1.3,"Jae Crowder","crowdja01"
"2020-21",21,"MIN","NBA","SG",34,499,8.8,0.476,0.315,0.286,7.1,15.8,11.3,6.8,1.6,1.6,12.9,18.2,-0.4,0.3,-0.1,-0.006,-4.5,-1.1,-5.6,-0.5,"Jarrett Culver","culveja01"
"2020-21",30,"PHI","NBA","SG",57,1638,12.9,0.607,0.507,0.139,0.7,8.3,4.6,13.6,1.3,0.4,10,17.1,2.3,1.7,4,0.118,0.1,-0.4,-0.3,0.7,"Seth Curry","curryse01"
"2020-21",32,"GSW","NBA","PG",63,2152,26.3,0.655,0.587,0.289,1.5,15.4,8.5,30.5,1.7,0.3,12.2,34.8,6.5,2.5,9,0.201,8.3,0.4,8.7,5.8,"Stephen Curry","curryst01"
"2020-21",27,"LAL","NBA","PF",36,1162,22.1,0.556,0.163,0.349,6,21.5,13.8,16.4,1.9,4.5,9.5,29.2,1.3,2.4,3.7,0.152,2.6,2.2,4.8,2,"Anthony Davis","davisan02"
"2020-21",23,"TOT","NBA","SG",61,1074,12.7,0.555,0.586,0.121,2,14.1,7.9,11.4,2,1.2,11.6,21.8,0.1,0.8,0.8,0.038,-0.9,-0.9,-1.7,0.1,"Terence Davis","daviste02"
"2020-21",23,"TOR","NBA","SG",34,493,11.1,0.537,0.581,0.086,1.9,13.2,7.4,11.6,1.7,1.4,11.7,21.6,-0.2,0.4,0.3,0.026,-1.8,-0.8,-2.6,-0.1,"Terence Davis","daviste02"
"2020-21",23,"SAC","NBA","SG",27,581,14,0.57,0.589,0.15,2.1,14.9,8.4,11.3,2.2,1,11.5,21.9,0.2,0.3,0.6,0.047,-0.1,-0.9,-0.9,0.2,"Terence Davis","daviste02"
"2020-21",31,"SAS","NBA","PF",61,2056,22,0.591,0.08,0.478,2,11.6,6.7,32,1.3,0.6,9.7,26.1,5.9,1.5,7.4,0.172,3.2,-0.1,3.1,2.6,"DeMar DeRozan","derozde01"
"2020-21",31,"MIA","NBA","C",16,210,24.5,0.735,0.077,0.415,15.5,31,23.4,9.6,2.1,3,14.5,19.3,0.7,0.4,1.1,0.256,1.2,0.5,1.7,0.2,"Dewayne Dedmon","dedmode01"
"2020-21",30,"CLE","NBA","PG",13,224,7.3,0.312,0.446,0.071,2.9,9.2,6,35.3,0.9,0.4,9.4,12.4,-0.1,0.1,0,0.005,-4.5,-1.9,-6.4,-0.3,"Matthew Dellavedova","dellama01"
"2020-21",24,"MIL","NBA","SG",66,1814,13,0.542,0.574,0.118,4.9,16.7,11,14.2,1.9,0.7,12.5,16.7,1.5,2.1,3.6,0.095,-0.2,0.4,0.3,1,"Donte DiVincenzo","divindo01"
"2020-21",24,"MIL","NBA","PF",14,141,12.3,0.477,0.2,0.35,6.2,18.7,12.7,7,2.3,3.8,6.1,14.6,0.1,0.2,0.3,0.102,-3.3,0.9,-2.4,0,"Mamadi Diakite","diakima01"
"2020-21",22,"TOT","NBA","SF,SG",52,1226,14.3,0.541,0.174,0.426,5.1,18.8,11.9,13.3,1.6,1.7,12,22.2,0.3,1.3,1.6,0.063,-2.2,0.1,-2.1,0,"Hamidou Diallo","diallha01"
"2020-21",22,"OKC","NBA","SG",32,761,15,0.536,0.138,0.444,5,17.7,11.3,16.4,1.9,1.4,12.1,22.5,0.3,0.8,1,0.065,-2.1,0.6,-1.5,0.1,"Hamidou Diallo","diallha01"
"2020-21",22,"DET","NBA","SF",20,465,13.1,0.549,0.237,0.393,5.2,20.6,12.8,8.3,1.1,2.2,11.7,21.6,0.1,0.5,0.6,0.059,-2.4,-0.8,-3.2,-0.1,"Hamidou Diallo","diallha01"
"2020-21",31,"TOT","NBA","C",38,552,19.2,0.67,0.429,0.411,7.6,19.5,13.5,12,2.3,2.6,14.3,17.4,1.3,0.8,2.1,0.185,1.8,1.5,3.4,0.7,"Gorgui Dieng","dienggo01"
"2020-21",31,"MEM","NBA","C",22,371,19.2,0.682,0.444,0.398,7.9,20.2,14,10.6,2.2,3.4,14.8,17,0.9,0.6,1.5,0.19,1.8,1.6,3.3,0.5,"Gorgui Dieng","dienggo01"
"2020-21",31,"SAS","NBA","C",16,181,19,0.648,0.4,0.436,6.9,18,12.3,15,2.4,0.9,13.2,18.2,0.4,0.2,0.7,0.175,2,1.5,3.5,0.2,"Gorgui Dieng","dienggo01"
"2020-21",27,"BRK","NBA","SG",3,64,10.1,0.536,0.438,0.375,0,21.3,11.2,17.6,1.5,1.4,21.2,16.1,0,0.1,0.1,0.045,-2.4,2.6,0.2,0,"Spencer Dinwiddie","dinwisp01"
"2020-21",21,"DAL","NBA","PG",66,2262,25.3,0.587,0.406,0.349,2.7,22.9,12.8,44.1,1.4,1.5,15.3,36,5.1,2.6,7.7,0.163,6.1,0.7,6.8,5.1,"Luka Doncic","doncilu01"
"2020-21",21,"OKC","NBA","SG",52,1543,10.1,0.513,0.515,0.257,2.5,10.3,6.4,8.8,1.4,1.1,10,21.7,-0.6,1,0.3,0.011,-2.6,-0.9,-3.5,-0.6,"Luguentz Dort","dortlu01"
"2020-21",21,"CHI","NBA","PG",11,50,19.3,0.548,0.333,0,4.5,6.6,5.5,21.4,3.9,0,0,18.2,0.1,0.1,0.2,0.177,-0.1,2.2,2.1,0.1,"Devon Dotson","dotsode01"
"2020-21",24,"DEN","NBA","SG",50,1088,10.4,0.501,0.42,0.186,3.7,15.3,9.5,11.2,1.4,2,10.7,17.2,0.1,1.1,1.1,0.051,-2.3,-0.4,-2.6,-0.2,"PJ Dozier","doziepj01"
"2020-21",34,"MIA","NBA","PG",50,1337,13,0.552,0.44,0.22,2.2,12.1,7.2,25.9,1.2,0.6,16.2,24.5,0.2,1.2,1.3,0.048,-1.1,-1.3,-2.3,-0.1,"Goran Dragić","dragigo01"
"2020-21",27,"TOT","NBA","C",46,1242,19.4,0.519,0.014,0.358,14.8,35.2,24.9,13.2,2.5,3.5,15.8,27.6,-0.6,2.5,2,0.077,-1.7,0.5,-1.2,0.3,"Andre Drummond","drumman01"
"2020-21",27,"CLE","NBA","C",25,722,20.5,0.5,0.021,0.339,15.3,37.5,26.1,16.2,2.7,3.6,15.6,31.3,-0.8,1.3,0.6,0.037,-1,0.2,-0.8,0.2,"Andre Drummond","drumman01"
"2020-21",27,"LAL","NBA","C",21,520,17.9,0.554,0,0.396,14.1,32,23.1,9,2.2,3.4,16,22.4,0.2,1.2,1.4,0.133,-2.7,1,-1.7,0,"Andre Drummond","drumman01"
"2020-21",26,"ATL","NBA","PG",4,45,-5.7,0.182,0.167,0.333,0,14.3,7.3,5.4,2.2,3.9,17.9,16.2,-0.2,0.1,-0.2,-0.202,-13.7,-0.1,-13.7,-0.1,"Kris Dunn","dunnkr01"
"2020-21",32,"BRK","NBA","PF",35,1157,26.4,0.666,0.313,0.395,1.3,21.3,11.8,27.5,1,3.4,14.5,31.2,3.7,1.2,5,0.206,6.4,0.8,7.2,2.7,"Kevin Durant","duranke01"
"2020-21",19,"MIN","NBA","SG",72,2314,13.9,0.523,0.429,0.225,2.7,13.5,7.9,14.6,1.7,1.3,10.7,27,-0.6,1.4,0.8,0.017,-0.4,-1.7,-2.1,-0.1,"Anthony Edwards","edwaran01"
"2020-21",26,"PHI","NBA","C",51,1585,30.3,0.636,0.171,0.61,8,29.1,18.7,16.2,1.5,3.9,12.2,35.3,5.6,3.2,8.8,0.266,6.3,1.2,7.5,3.8,"Joel Embiid","embiijo01"
"2020-21",23,"SAS","NBA","C",54,755,17.9,0.618,0.01,0.517,10.2,24,17,7.9,1.2,5.5,15.2,17.1,1.2,1.1,2.3,0.145,-1,1,0,0.4,"Drew Eubanks","eubandr01"
"2020-21",22,"ATL","NBA","C",33,226,6.2,0.475,0.045,0.5,7.9,29.4,18.9,5.8,0.9,1.2,28.1,14.4,-0.3,0.3,-0.1,-0.019,-6.1,-0.4,-6.5,-0.3,"Bruno Fernando","fernabr01"
"2020-21",27,"DAL","NBA","PF",60,1921,12,0.609,0.648,0.088,5.7,13,9.3,7.2,1.3,1.2,9,12.2,2.8,1.6,4.4,0.11,0.2,0,0.1,1,"Dorian Finney-Smith","finnedo01"
"2020-21",22,"TOR","NBA","PG",47,928,10.9,0.484,0.494,0.165,1.1,13,6.9,21.4,2,0.8,10.5,19,0,0.8,0.8,0.041,-2.5,-0.2,-2.6,-0.1,"Malachi Flynn","flynnma01"
"2020-21",27,"MIL","NBA","SG",70,1354,12.8,0.631,0.645,0.115,0.9,7.6,4.3,4.5,0.8,0.1,7.3,18.5,2,0.7,2.7,0.096,0.4,-1.7,-1.3,0.2,"Bryn Forbes","forbebr01"
"2020-21",22,"UTA","NBA","PG",30,302,11.2,0.554,0.366,0.268,4,11.1,7.7,19.9,1.5,1.1,20.9,14.3,0.3,0.4,0.7,0.106,-2.5,1.2,-1.3,0.1,"Trent Forrest","forretr01"
"2020-21",28,"TOT","NBA","SF,SG",42,1259,16.7,0.598,0.523,0.253,0.8,10.2,5.4,18.6,1.8,1.4,10.8,23.1,1.8,1,2.8,0.107,1.5,-0.4,1.1,1,"Evan Fournier","fournev01"
"2020-21",28,"ORL","NBA","SF",26,787,18.2,0.604,0.509,0.333,0.6,9.5,4.9,20.9,1.7,1,11.3,26.2,1.2,0.5,1.7,0.104,2.3,-0.6,1.7,0.7,"Evan Fournier","fournev01"
"2020-21",28,"BOS","NBA","SG",16,472,14.1,0.584,0.552,0.081,1.2,11.4,6.3,14.9,2.1,2,9.6,18,0.6,0.5,1.1,0.111,0.1,0.1,0.2,0.3,"Evan Fournier","fournev01"
"2020-21",23,"SAC","NBA","PG",58,2036,20.7,0.565,0.288,0.376,1.8,9.4,5.5,32.7,2.1,1.1,11.9,31,3.4,0.8,4.2,0.098,3.1,-1.3,1.8,2,"De'Aaron Fox","foxde01"
"2020-21",22,"ORL","NBA","PG",8,215,12,0.458,0.154,0.183,2.3,10,6,33.1,1.8,0.8,13.8,26.2,-0.3,0.1,-0.1,-0.024,-3.6,-0.9,-4.4,-0.1,"Markelle Fultz","fultzma01"
"2020-21",23,"NOP","NBA","PF",21,241,9.8,0.533,0.533,0.283,9,15.3,12.2,5.9,1.8,3.1,18.2,14.4,0,0.3,0.3,0.052,-3.2,-0.1,-3.3,-0.1,"Wenyen Gabriel","gabriwe01"
"2020-21",22,"TOT","NBA","C,PF",54,791,22.2,0.697,0,0.48,12.9,18.6,15.8,5.3,1.5,8.1,13.1,16.7,2.1,1.3,3.5,0.209,0.6,1.6,2.2,0.8,"Daniel Gafford","gaffoda01"
"2020-21",22,"CHI","NBA","PF",31,383,18.8,0.7,0,0.471,12.9,16.9,14.9,6.2,1.4,7.7,17.3,14.4,0.8,0.6,1.5,0.182,-1.3,1.6,0.3,0.2,"Daniel Gafford","gaffoda01"
"2020-21",22,"WAS","NBA","C",23,408,25.4,0.696,0,0.486,13,20.2,16.6,4.4,1.7,8.4,10.2,18.9,1.3,0.7,2,0.235,2.5,1.6,4,0.6,"Daniel Gafford","gaffoda01"
"2020-21",21,"CLE","NBA","PG",54,1790,14.2,0.547,0.332,0.165,1.4,6.8,4,30.9,1.8,0.3,16,24.9,0.3,0.9,1.2,0.033,0,-2.1,-2.1,-0.1,"Darius Garland","garlada01"
"2020-21",34,"SAS","NBA","PF",63,1358,14.7,0.532,0.443,0.162,3.2,20.9,11.9,9.7,1.6,2.5,8.8,23.6,0,1.7,1.7,0.059,-0.1,0,-0.1,0.6,"Rudy Gay","gayru01"
"2020-21",30,"LAC","NBA","SF",54,1821,20.5,0.598,0.437,0.239,2.9,18.9,11.1,24.6,1.7,1.2,14.5,30,3,2.3,5.3,0.139,3.9,0.3,4.2,2.9,"Paul George","georgpa01"
"2020-21",35,"NYK","NBA","C",45,936,16,0.661,0.095,0.348,11.6,17.3,14.5,5.4,1.7,5,10.8,9.7,2.1,1.7,3.8,0.195,-0.7,2.1,1.3,0.8,"Taj Gibson","gibsota01"
"2020-21",22,"OKC","NBA","SG",35,1180,21.6,0.623,0.301,0.405,1.7,13.1,7.3,31.2,1.1,1.7,13.7,27.8,2.7,0.8,3.5,0.143,3.9,0.2,4.1,1.8,"Shai Gilgeous-Alexander","gilgesh01"
"2020-21",28,"WAS","NBA","PF",26,218,13.7,0.597,0.4,0.267,7.8,17,12.4,6.7,2.1,1.5,10.7,14.2,0.3,0.3,0.6,0.123,-1.6,0.3,-1.3,0,"Anthony Gill","gillan01"
"2020-21",28,"UTA","NBA","C",71,2187,23.5,0.683,0.007,0.646,12.2,33.5,23.3,6,0.9,7,13.7,17,6.1,5.2,11.3,0.248,2.1,2.8,4.9,3.8,"Rudy Gobert","goberru01"
"2020-21",25,"TOT","NBA","PF",50,1384,14.5,0.547,0.353,0.299,6,16.4,11.1,17.8,1.2,2.3,14.7,20.7,0.7,1.2,1.9,0.066,0.2,-0.1,0.1,0.7,"Aaron Gordon","gordoaa01"
"2020-21",25,"ORL","NBA","PF",25,736,14.9,0.537,0.382,0.358,5.3,18.5,11.7,23,1.1,2.5,16.5,23.8,0,0.6,0.6,0.037,0.5,0.1,0.6,0.5,"Aaron Gordon","gordoaa01"
"2020-21",25,"DEN","NBA","PF",25,648,14.1,0.564,0.311,0.214,6.7,13.9,10.3,11.8,1.3,2.1,11.7,17.2,0.7,0.6,1.3,0.099,-0.1,-0.3,-0.4,0.3,"Aaron Gordon","gordoaa01"
"2020-21",32,"HOU","NBA","SG",27,789,14.4,0.577,0.572,0.311,1,7.1,3.9,14.6,0.8,1.5,10.9,25.2,0.6,0.2,0.8,0.048,0.7,-1.7,-1.1,0.2,"Eric Gordon","gordoer01"
"2020-21",25,"CHO","NBA","PG",55,1659,14.6,0.552,0.713,0.236,1.4,8.4,4.8,26.3,1.4,0.4,10.2,21.4,2.5,0.9,3.4,0.099,1.8,-1.1,0.7,1.1,"Devonte' Graham","grahade01"
"2020-21",26,"DET","NBA","SF",54,1829,16.9,0.556,0.353,0.368,2.1,13.2,7.6,14.3,0.9,2.8,9.1,28.5,1.6,1.6,3.2,0.083,1.9,-0.8,1.1,1.4,"Jerami Grant","grantje01"
"2020-21",33,"PHI","NBA","SF",69,1934,12.1,0.582,0.794,0.074,3.2,11.5,7.4,8.3,2.3,2.6,10.7,14,1.6,3.1,4.6,0.115,0.4,1.5,1.9,1.9,"Danny Green","greenda02"
"2020-21",30,"GSW","NBA","PF",63,1982,13.3,0.53,0.332,0.232,3,20.9,12.1,36.4,2.5,2.3,31,13.1,1.2,3.4,4.6,0.112,-1.6,3.3,1.7,1.9,"Draymond Green","greendr01"
"2020-21",30,"DEN","NBA","PF",58,1120,13.6,0.59,0.529,0.152,8.6,19.4,14,6.4,1.1,1.9,11.7,17.6,1.4,1.2,2.6,0.11,-0.5,-1,-1.5,0.1,"JaMychal Green","greenja01"
"2020-21",27,"TOT","NBA","SF,SG",41,473,12.1,0.61,0.294,0.392,6.1,10.6,8.3,4.8,2.9,1.1,13.7,12.6,0.5,0.6,1.1,0.107,-2.2,1.7,-0.5,0.2,"Javonte Green","greenja02"
"2020-21",27,"BOS","NBA","SF",25,345,11.8,0.624,0.31,0.423,6.4,10.4,8.4,4.3,2.5,0.5,13.4,12.1,0.4,0.3,0.8,0.105,-1.7,1.3,-0.5,0.1,"Javonte Green","greenja02"
"2020-21",27,"CHI","NBA","SG",16,128,13.1,0.579,0.258,0.323,5.3,11.1,8.2,6.1,3.8,2.7,14.5,14,0.1,0.2,0.3,0.114,-3.4,2.8,-0.6,0,"Javonte Green","greenja02"
"2020-21",34,"BRK","NBA","PF",68,1835,13,0.624,0.472,0.304,2.2,13.1,7.9,7.8,0.9,1.3,8.2,15.6,2.9,1.2,4.1,0.107,0,-0.9,-0.8,0.6,"Jeff Green","greenje02"
"2020-21",20,"DAL","NBA","SG",39,445,8.8,0.49,0.269,0.247,7,12.3,9.7,8.3,1.8,0.6,14.2,11.9,0.1,0.4,0.5,0.05,-3.7,0.1,-3.6,-0.2,"Josh Green","greenjo02"
"2020-21",31,"TOT","NBA","PF",46,1186,12.9,0.546,0.499,0.285,3.4,17.4,10.5,17,1.3,1.1,11.8,19.3,0.9,1.1,2,0.081,-0.8,0,-0.8,0.3,"Blake Griffin","griffbl01"
"2020-21",31,"DET","NBA","PF",20,626,9.8,0.491,0.559,0.279,1.2,17.4,9.2,18.4,1.1,0.3,11.4,19.6,-0.2,0.5,0.3,0.026,-1.9,-0.3,-2.2,-0.1,"Blake Griffin","griffbl01"
"2020-21",31,"BRK","NBA","PF",26,560,16.3,0.61,0.429,0.291,5.8,17.5,11.9,15.5,1.6,2,12.3,18.9,1.1,0.6,1.7,0.142,0.5,0.3,0.8,0.4,"Blake Griffin","griffbl01"
"2020-21",22,"WAS","NBA","PF",57,1797,11.4,0.549,0.211,0.248,2.9,15.5,9.2,6.3,1.1,0.3,8.6,18.1,0.7,1.4,2.1,0.056,-2.2,-1,-3.1,-0.5,"Rui Hachimura","hachiru01"
"2020-21",20,"SAC","NBA","PG",58,1746,16.2,0.585,0.478,0.09,2.4,8.6,5.5,24.6,2.1,1.4,12.5,18.1,2.8,0.7,3.5,0.096,1.9,-0.5,1.4,1.5,"Tyrese Haliburton","halibty01"
"2020-21",19,"TOT","NBA","PG,SG",51,888,11.1,0.507,0.278,0.262,3.4,18.4,10.7,15.2,1.2,1,13.2,19.6,-0.3,0.7,0.4,0.021,-2.6,-1.2,-3.8,-0.4,"R.J. Hampton","hamptrj01"
"2020-21",19,"DEN","NBA","PG",25,233,7.7,0.49,0.3,0.2,4.9,19.4,12.2,7.7,1.1,0.8,14.4,14.3,-0.1,0.2,0.1,0.03,-4.5,-0.9,-5.4,-0.2,"R.J. Hampton","hamptrj01"
"2020-21",19,"ORL","NBA","SG",26,655,12.3,0.511,0.273,0.277,2.9,18,10.2,17.8,1.2,1.1,12.9,21.5,-0.2,0.5,0.2,0.018,-2,-1.3,-3.3,-0.2,"R.J. Hampton","hamptrj01"
"2020-21",28,"DAL","NBA","SG",70,1985,15.7,0.589,0.581,0.191,1.1,11.5,6.4,9.8,0.8,0.5,6.1,23.4,3.2,1.2,4.3,0.105,2,-1.7,0.4,1.2,"Tim Hardaway Jr.","hardati02"
"2020-21",31,"TOT","NBA","PG",44,1609,24.5,0.618,0.455,0.44,2.5,20.6,11.9,44.4,1.6,1.8,16.8,28.4,5.3,1.7,7,0.208,6.2,1,7.2,3.7,"James Harden","hardeja01"
"2020-21",31,"HOU","NBA","PG",8,290,22.4,0.613,0.533,0.444,1.8,13.8,7.5,46.9,1.1,1.8,17.4,28.7,0.8,0.2,1,0.159,5.5,-0.5,5,0.5,"James Harden","hardeja01"
"2020-21",31,"BRK","NBA","PG",36,1319,25,0.619,0.437,0.439,2.6,22.1,12.9,43.8,1.7,1.8,16.7,28.4,4.5,1.5,6,0.219,6.4,1.3,7.7,3.2,"James Harden","hardeja01"
"2020-21",27,"LAL","NBA","C",69,1580,22.7,0.65,0.017,0.425,11.3,19.1,15.2,7.7,1.4,2.8,9.4,21.7,4.5,2.7,7.3,0.221,2.3,0.7,3,2,"Montrezl Harrell","harremo01"
"2020-21",26,"TOT","NBA","SG",39,1080,9.1,0.511,0.409,0.226,2.1,5.9,4,10.3,1.3,1,8.9,16.7,0.2,0.6,0.7,0.033,-2.8,-1.3,-4.2,-0.6,"Gary Harris","harriga01"
"2020-21",26,"DEN","NBA","SG",19,581,9.3,0.544,0.481,0.192,2.5,6.6,4.6,7.1,1.4,0.7,7.6,13.8,0.4,0.4,0.8,0.065,-2.2,-0.6,-2.8,-0.1,"Gary Harris","harriga01"
"2020-21",26,"ORL","NBA","SG",20,499,9,0.485,0.349,0.254,1.6,5.2,3.3,14,1.1,1.3,9.9,20.2,-0.2,0.2,0,-0.005,-3.6,-2.2,-5.8,-0.5,"Gary Harris","harriga01"
"2020-21",29,"BRK","NBA","SF",69,2141,14.1,0.663,0.628,0.089,2.3,10.1,6.4,8.4,1,0.6,7.8,16.2,4.1,1.1,5.2,0.117,1.5,-1.2,0.4,1.3,"Joe Harris","harrijo01"
"2020-21",28,"PHI","NBA","PF",62,2014,20,0.597,0.225,0.221,3.5,19.2,11.4,17.6,1.3,2.3,9.5,23.9,4.1,3.1,7.1,0.17,2.9,0.8,3.7,2.9,"Tobias Harris","harrito02"
"2020-21",27,"TOT","NBA","SG",34,333,6.8,0.416,0.205,0.282,2.4,13.7,8.1,9.5,2.5,1.5,11.1,12.9,-0.2,0.4,0.2,0.03,-5.5,1.5,-4.1,-0.2,"Shaquille Harrison","harrish01"
"2020-21",27,"UTA","NBA","SG",17,56,6.5,0.375,0.1,0.3,5.9,10.9,8.5,21.5,1.7,0,18.1,21.3,-0.1,0.1,0,-0.033,-6.4,-0.3,-6.7,-0.1,"Shaquille Harrison","harrish01"
"2020-21",27,"DEN","NBA","SG",17,277,6.9,0.431,0.241,0.276,1.6,14.3,8,7.1,2.7,1.8,8.4,11.2,-0.1,0.4,0.2,0.042,-5.4,1.8,-3.6,-0.1,"Shaquille Harrison","harrish01"
"2020-21",25,"NOP","NBA","SF",47,1349,12.2,0.566,0.561,0.259,4.3,26.1,15.2,10.6,1.4,0.8,11.3,13.5,1.4,1.3,2.7,0.097,-1.1,0.3,-0.8,0.4,"Josh Hart","hartjo01"
"2020-21",22,"TOT","NBA","C",46,559,17.9,0.583,0.035,0.415,13,23.7,18.2,15.3,1.7,6.5,17.9,19.2,0.7,0.9,1.6,0.134,-2.4,1.5,-0.9,0.2,"Isaiah Hartenstein","harteis01"
"2020-21",22,"DEN","NBA","C",30,272,15.5,0.543,0,0.45,16.7,18.7,17.7,7.5,2,7.2,18,18.7,0.2,0.5,0.7,0.115,-4.3,0.6,-3.7,-0.1,"Isaiah Hartenstein","harteis01"
"2020-21",22,"CLE","NBA","C",16,287,20.3,0.62,0.066,0.385,9.5,28.4,18.7,22.8,1.4,5.9,17.8,19.6,0.5,0.4,0.9,0.151,-0.6,2.3,1.7,0.3,"Isaiah Hartenstein","harteis01"
"2020-21",40,"MIA","NBA","C",1,3,54.6,1,0,0,0,37.5,19.1,0,0,0,0,30.1,0,0,0,0.475,24.1,7,31.1,0,"Udonis Haslem","hasleud01"
"2020-21",19,"DET","NBA","PG",26,670,5.3,0.422,0.358,0.085,1,10.6,5.7,29.7,2,1.3,28.5,19,-1.8,0.6,-1.1,-0.081,-6.3,-0.9,-7.2,-0.9,"Killian Hayes","hayeski01"
"2020-21",30,"CHO","NBA","SF",44,1496,17.6,0.584,0.312,0.281,2.6,16.3,9.3,19.5,1.7,0.9,11,23.9,2.2,1.4,3.5,0.114,1.6,-0.1,1.6,1.4,"Gordon Hayward","haywago01"
"2020-21",25,"MIN","NBA","PF",52,900,12.1,0.549,0.562,0.324,5.2,20,12.3,5.6,1,0.7,7.3,17.2,0.6,0.5,1.1,0.06,-1.1,-1.8,-2.9,-0.2,"Juancho Hernangómez","hernaju01"
"2020-21",26,"NOP","NBA","C",47,846,19.6,0.591,0.037,0.347,15,27.8,21.4,8.5,1.2,2.6,9.9,17,1.9,1,2.9,0.163,1,-1,0,0.4,"Willy Hernangómez","hernawi01"
"2020-21",21,"MIA","NBA","SG",54,1635,13.3,0.543,0.425,0.167,1.8,16.7,9.4,18,1.1,1.1,11.9,23.5,0.1,1.6,1.7,0.049,-0.3,-1,-1.3,0.3,"Tyler Herro","herroty01"
"2020-21",28,"SAC","NBA","SG",71,2433,12.8,0.567,0.727,0.105,1.3,14.1,7.6,14.7,1.2,1,11.1,20.7,1.5,0.7,2.2,0.044,1,-1.6,-0.6,0.9,"Buddy Hield","hieldbu01"
"2020-21",34,"TOT","NBA","PG",30,672,13.1,0.596,0.406,0.254,2.6,7.2,4.9,16,1.6,0.7,12.4,15.9,0.9,0.6,1.4,0.1,-1,-0.2,-1.2,0.1,"George Hill","hillge01"
"2020-21",34,"OKC","NBA","PG",14,369,15.9,0.63,0.475,0.208,2.2,6,4.1,18.2,1.5,0.5,8.4,16.5,0.8,0.2,1,0.129,0.9,0.1,1,0.3,"George Hill","hillge01"
"2020-21",34,"PHI","NBA","PG",16,303,9.7,0.545,0.299,0.325,3,8.6,5.8,13.3,1.8,0.9,17.8,15.2,0,0.4,0.4,0.065,-3.3,-0.5,-3.9,-0.1,"George Hill","hillge01"
"2020-21",24,"IND","NBA","PG",66,1176,9.2,0.503,0.417,0.19,1.4,6.8,4.1,14,1.8,0.9,12.3,19.5,-0.6,0.8,0.2,0.009,-3.3,-0.9,-4.2,-0.7,"Aaron Holiday","holidaa01"
"2020-21",30,"MIL","NBA","PG",59,1907,20,0.592,0.344,0.165,4.2,10.4,7.4,26.3,2.4,1.7,12.6,22.2,4.3,2.2,6.6,0.165,2.8,0.6,3.4,2.6,"Jrue Holiday","holidjr01"
"2020-21",31,"IND","NBA","SG",72,2183,10.4,0.571,0.725,0.136,1.6,11.1,6.4,7,1.6,1.5,7.5,14,1.4,1.8,3.1,0.069,-0.9,-0.1,-1,0.6,"Justin Holiday","holidju01"
"2020-21",27,"SAC","NBA","C",61,1782,20.2,0.669,0.019,0.296,8.8,22.7,15.7,8.3,1.1,4.6,10.3,17.5,4.7,1.4,6.1,0.165,0.6,0,0.6,1.2,"Richaun Holmes","holmeri01"
"2020-21",34,"OKC","NBA","C",28,782,17.4,0.538,0.422,0.061,3.8,21.4,12.5,20.1,1.5,2.9,7.3,21.6,0.8,0.9,1.6,0.101,2,1.4,3.4,1.1,"Al Horford","horfoal01"
"2020-21",20,"LAL","NBA","SG",65,1304,12.9,0.536,0.268,0.264,2.2,12.3,7.3,20.8,2.4,1.4,16.1,21.7,-0.1,2.2,2.1,0.078,-2.6,1.5,-1.2,0.3,"Talen Horton-Tucker","hortota01"
"2020-21",27,"HOU","NBA","SF",36,932,9.1,0.525,0.574,0.232,2,13.6,7.5,10.6,1,1.5,10.7,15.3,0,0.5,0.5,0.026,-2.8,-0.7,-3.5,-0.3,"Danuel House Jr.","houseda01"
"2020-21",22,"ATL","NBA","SG",69,2126,12.2,0.541,0.528,0.088,2,9.7,6,16.3,1.9,0.7,9.4,17.2,1.9,1.7,3.6,0.08,-0.6,0.4,-0.3,1,"Kevin Huerter","huertke01"
"2020-21",23,"ATL","NBA","SF",23,678,15.7,0.603,0.383,0.343,2.8,14.7,8.9,9.7,1.4,1.6,9.2,20.2,1.2,0.6,1.7,0.123,0.6,0.6,1.2,0.5,"De'Andre Hunter","huntede01"
"2020-21",31,"LAC","NBA","C",41,955,18.2,0.585,0.315,0.145,8.9,23.1,16.2,11.5,0.5,4.4,10.2,20.1,1.7,1.3,3,0.15,1.2,0.2,1.4,0.8,"Serge Ibaka","ibakase01"
"2020-21",37,"MIA","NBA","SF",63,1339,9.2,0.519,0.734,0.153,3.3,15.4,9.4,14.3,2.1,2.7,20.2,11.2,-0.1,1.8,1.7,0.062,-2.2,1.8,-0.4,0.5,"Andre Iguodala","iguodan01"
"2020-21",33,"UTA","NBA","SF",67,1867,15.9,0.672,0.722,0.16,1.6,11.8,6.9,24,1.2,0.5,16.3,16.6,4.7,2.3,7,0.18,2.6,0.9,3.5,2.6,"Joe Ingles","inglejo01"
"2020-21",23,"NOP","NBA","SF",61,2093,19.2,0.584,0.341,0.291,1.8,13.7,7.8,22.4,1,1.6,11,28,3.9,1.3,5.3,0.12,3.3,-1.1,2.2,2.2,"Brandon Ingram","ingrabr01"
"2020-21",28,"BRK","NBA","PG",54,1886,24.4,0.614,0.348,0.201,3.2,11.4,7.5,28.6,1.9,1.7,9.9,30.4,5.8,1.6,7.4,0.189,5.7,-0.2,5.5,3.6,"Kyrie Irving","irvinky01"
"2020-21",22,"DET","NBA","PG",40,738,13.2,0.598,0.512,0.256,2.2,10.8,6.5,7.9,1,0.1,9.4,21.3,0.7,0.4,1.2,0.076,-0.1,-1.6,-1.7,0.1,"Frank Jackson","jacksfr01"
"2020-21",21,"MEM","NBA","C",11,258,18,0.551,0.48,0.336,6.9,18.7,12.7,6.8,2.2,6.3,9.5,25.9,0.2,0.5,0.7,0.123,-0.7,0.7,0.1,0.1,"Jaren Jackson Jr.","jacksja02"
"2020-21",25,"TOT","NBA","SF",34,577,10.4,0.516,0.529,0.167,2.9,11.1,6.9,13.9,1.2,0.3,11.9,19.8,-0.1,0.3,0.2,0.018,-2.3,-1.2,-3.5,-0.2,"Justin Jackson","jacksju01"
"2020-21",25,"OKC","NBA","SF",33,544,10.7,0.519,0.524,0.165,2.6,11,6.8,14.5,1.3,0.3,12,20.2,-0.1,0.3,0.2,0.019,-2.3,-1,-3.2,-0.2,"Justin Jackson","jacksju01"
"2020-21",25,"MIL","NBA","SF",1,33,5.8,0.455,0.667,0.222,6.6,12.3,9.6,3.6,0,0,9.2,13.8,0,0,0,0.006,-3.2,-4.8,-8,0,"Justin Jackson","jacksju01"
"2020-21",30,"LAC","NBA","SG",67,1544,14.2,0.576,0.482,0.14,1.8,11.9,7,19,1.3,0.4,10.6,19.9,2.3,1.4,3.7,0.115,0.6,-0.2,0.4,0.9,"Reggie Jackson","jacksre01"
"2020-21",36,"LAL","NBA","PG",45,1504,24.2,0.602,0.346,0.31,2.2,23.6,12.9,41.8,1.6,1.5,15.2,31.9,3,2.6,5.6,0.179,5.9,2.3,8.1,3.8,"LeBron James","jamesle01"
"2020-21",23,"OKC","NBA","SG",33,788,13.4,0.585,0.585,0.118,1.3,10.8,6,23.7,1.2,0.7,13.5,18.8,0.9,0.4,1.3,0.079,0.1,-0.8,-0.7,0.3,"Ty Jerome","jeromty01"
"2020-21",21,"PHI","NBA","SG",41,383,9.5,0.533,0.797,0.18,1.8,8.5,5.2,7.2,1.5,0.9,7.1,17.4,0.2,0.4,0.6,0.078,-2,-1,-3,-0.1,"Isaiah Joe","joeis01"
"2020-21",24,"BRK","NBA","PF",18,189,23.5,0.638,0.088,0.191,16.6,35,26.3,10.9,1.3,2.3,10.9,19.1,0.6,0.3,0.9,0.227,2.7,0,2.7,0.2,"Alize Johnson","johnsal02"
"2020-21",24,"PHO","NBA","PF",60,1437,11.8,0.563,0.694,0.122,2.6,12.9,7.9,8,1.3,1,7.3,17,1.2,1.4,2.6,0.086,0,-0.2,-0.2,0.7,"Cameron Johnson","johnsca02"
"2020-21",33,"TOT","NBA","PF",51,1043,11.4,0.51,0.367,0.232,3.4,15.1,9.3,12.9,2,3.8,13.2,17.1,-0.1,1.3,1.2,0.055,-2.7,1.5,-1.2,0.2,"James Johnson","johnsja01"
"2020-21",33,"DAL","NBA","PF",29,504,12.2,0.526,0.414,0.2,3.1,15.6,9.4,13.7,2.3,4.2,14.6,16.2,0,0.7,0.8,0.073,-2,2.5,0.5,0.3,"James Johnson","johnsja01"
"2020-21",33,"NOP","NBA","PF",22,539,10.6,0.498,0.33,0.258,3.6,14.7,9.2,12.2,1.6,3.3,12.1,18,-0.1,0.5,0.4,0.039,-3.3,0.5,-2.7,-0.1,"James Johnson","johnsja01"
"2020-21",21,"SAS","NBA","SF",69,1968,13.8,0.557,0.257,0.278,4.9,17.6,11.1,8.9,1,1,9,19.2,1.6,1.7,3.3,0.079,-0.9,-0.7,-1.6,0.2,"Keldon Johnson","johnske04"
"2020-21",24,"TOR","NBA","PF",61,1006,8.8,0.519,0.588,0.236,3.1,14.1,8.4,12,2.5,1.8,17.4,13.4,-0.1,1.1,1,0.048,-3.8,1.2,-2.5,-0.1,"Stanley Johnson","johnsst04"
"2020-21",25,"DEN","NBA","C",72,2488,31.3,0.647,0.183,0.305,9.4,26.1,17.8,40.4,1.9,1.9,13.1,29.6,12.2,3.4,15.6,0.301,9.1,3,12.1,8.8,"Nikola Jokić","jokicni01"
"2020-21",25,"TOT","NBA","C",39,547,14.6,0.712,0.049,0.563,7.3,17.4,12.3,7,1,4.6,16.8,12.3,1,0.5,1.6,0.138,-2.2,0.8,-1.4,0.1,"Damian Jones","jonesda03"
"2020-21",25,"PHO","NBA","C",14,94,6.7,0.528,0.063,0.688,8.6,13,10.9,5.3,0.5,4.8,22.4,12.7,0,0.1,0.1,0.043,-7,1.1,-5.9,-0.1,"Damian Jones","jonesda03"
"2020-21",25,"LAL","NBA","C",8,112,17.1,0.965,0,0.706,8.1,18,13,1.3,0.4,5.6,18.3,10.6,0.4,0.2,0.5,0.235,-2,1.8,-0.2,0.1,"Damian Jones","jonesda03"
"2020-21",25,"SAC","NBA","C",17,341,15.9,0.691,0.057,0.5,6.7,18.5,12.5,9.4,1.3,4.2,14.9,12.7,0.7,0.2,0.9,0.132,-1,0.3,-0.6,0.1,"Damian Jones","jonesda03"
"2020-21",23,"POR","NBA","SF",58,1318,11.9,0.576,0.447,0.299,6.1,10.7,8.3,4.8,1.4,3.7,8.5,12.3,1.6,0.8,2.4,0.089,-1.4,0,-1.4,0.2,"Derrick Jones Jr.","jonesde02"
"2020-21",21,"SAS","NBA","PG",37,269,12.1,0.544,0.064,0.244,3.1,5.2,4.2,20,1.4,0,13.1,16.1,0.2,0.1,0.4,0.066,-2.2,-1.3,-3.5,-0.1,"Tre Jones","jonestr01"
"2020-21",24,"MEM","NBA","PG",70,1222,15,0.511,0.339,0.109,1.8,10.4,6.1,28.6,2.5,0.4,10,16.6,1.5,1.3,2.8,0.11,-0.1,0.9,0.8,0.9,"Tyus Jones","jonesty01"
"2020-21",32,"BRK","NBA","C",57,1246,17.1,0.736,0.004,0.369,10.9,26.1,18.9,10.1,0.7,4.6,22.7,13.1,2.4,1.5,3.9,0.152,0.1,1,1,0.9,"DeAndre Jordan","jordade01"
"2020-21",29,"TOT","NBA","PG",63,1446,12.5,0.556,0.31,0.207,2.7,9.7,6.1,21.4,2,1.1,14.5,16.3,1.3,0.8,2.1,0.069,-1.8,0,-1.8,0.1,"Cory Joseph","josepco01"
"2020-21",29,"SAC","NBA","PG",44,944,9.9,0.534,0.376,0.188,2.9,8.8,5.8,14.9,2,0.8,14,14.3,0.4,0.3,0.7,0.037,-3,-0.3,-3.3,-0.3,"Cory Joseph","josepco01"
"2020-21",29,"DET","NBA","PG",19,502,17.3,0.588,0.216,0.233,2.2,11.2,6.6,33.7,2.1,1.6,15.3,19.9,0.8,0.5,1.4,0.13,0.5,0.4,0.9,0.4,"Cory Joseph","josepco01"
"2020-21",23,"TOT","NBA","PF",39,280,9.5,0.486,0.562,0.225,4.7,19.4,12,8.7,1.4,4.1,13.3,17.7,-0.2,0.3,0.2,0.026,-4.3,0.1,-4.3,-0.2,"Mfiondu Kabengele","kabenmf01"
"2020-21",23,"LAC","NBA","PF",23,94,1.4,0.39,0.563,0.188,1.2,15.1,8.4,6.9,1.1,2.8,14.8,19.2,-0.3,0.1,-0.1,-0.075,-9.2,-0.9,-10.1,-0.2,"Mfiondu Kabengele","kabenmf01"
"2020-21",23,"CLE","NBA","PF",16,186,13.7,0.538,0.561,0.246,6.5,21.6,13.8,9.7,1.6,4.8,12.5,16.9,0.1,0.2,0.3,0.078,-1.9,0.6,-1.3,0,"Mfiondu Kabengele","kabenmf01"
"2020-21",27,"PHO","NBA","C",47,715,15.8,0.547,0.331,0.233,5.8,23.7,14.9,15.3,1,2.1,7.2,19,1.1,0.9,2,0.133,0.4,0.8,1.3,0.6,"Frank Kaminsky","kaminfr01"
"2020-21",24,"LAC","NBA","SG",63,1232,12.7,0.608,0.541,0.075,1.4,13,7.3,11.9,0.9,0.7,10.1,17.1,1.6,1.1,2.7,0.105,0.3,-0.5,-0.2,0.6,"Luke Kennard","kennalu01"
"2020-21",21,"SAC","NBA","SF",6,85,21.2,0.6,0.324,0.176,6.4,17.2,11.8,15.4,4,3,9.8,20.6,0.2,0.1,0.3,0.16,2.3,2.5,4.9,0.1,"Louis King","kinglo02"
"2020-21",29,"DAL","NBA","PF",50,1341,10.6,0.606,0.771,0.135,3.9,17.4,10.7,6.6,0.9,2.4,9.3,10.6,1.6,1.3,2.9,0.103,-0.5,0.5,0,0.7,"Maxi Kleber","klebima01"
"2020-21",23,"ATL","NBA","PF",33,279,13.9,0.499,0.33,0.55,10.8,17.3,14.1,4,1.6,3.2,10.8,21.7,0.1,0.3,0.4,0.07,-2.6,-1,-3.7,-0.1,"Nathan Knight","knighna01"
"2020-21",21,"NYK","NBA","SF",42,464,9.1,0.537,0.622,0.14,2.4,11.8,7.1,5.9,1.3,1.2,10.1,16.2,0,0.6,0.6,0.065,-1.7,0.4,-1.4,0.1,"Kevin Knox","knoxke01"
"2020-21",24,"MEM","NBA","SG",43,575,14.8,0.608,0.406,0.217,6.4,17.3,11.8,10.7,2.5,1.4,10.6,12.4,0.9,0.8,1.7,0.145,-0.2,1.4,1.2,0.5,"John Konchar","konchjo01"
"2020-21",23,"PHI","NBA","SG",55,1062,12.8,0.544,0.634,0.193,1.8,9.8,5.9,11.1,2.2,0.8,9.1,20.5,0.6,1.5,2,0.092,-0.3,0.2,-0.1,0.5,"Furkan Korkmaz","korkmfu01"
"2020-21",25,"TOT","NBA","C,PF",31,348,13.3,0.511,0.584,0.059,4.4,17,10.7,9.5,0.6,8.5,6.3,13.7,0.2,0.5,0.7,0.095,-0.8,1.6,0.8,0.3,"Luke Kornet","kornelu01"
"2020-21",25,"CHI","NBA","PF",13,94,9.8,0.452,0.852,0.148,1.2,16.3,8.8,5.5,1,6.5,3.4,13.7,0,0.1,0.1,0.047,-0.6,1.3,0.6,0.1,"Luke Kornet","kornelu01"
"2020-21",25,"BOS","NBA","C",18,254,14.5,0.534,0.486,0.027,5.7,17.2,11.4,10.9,0.4,9.2,7.4,13.7,0.3,0.3,0.6,0.113,-0.8,1.8,0.9,0.2,"Luke Kornet","kornelu01"
"2020-21",25,"LAL","NBA","SF",68,1954,12.7,0.546,0.502,0.128,6.3,17.7,12,9.8,0.9,1.9,12.4,20.3,0.4,2.9,3.3,0.08,-0.4,-0.1,-0.4,0.8,"Kyle Kuzma","kuzmaky01"
"2020-21",25,"CHI","NBA","SG",58,2034,21.5,0.634,0.425,0.265,2,13.6,7.9,23.4,1.1,1.2,13.9,31,4,1.8,5.9,0.138,4.9,-0.8,4,3.1,"Zach LaVine","lavinza01"
"2020-21",23,"HOU","NBA","SF",24,415,8.7,0.523,0.602,0.178,6.7,11.5,9,7.9,0.7,1.1,13,15,0.1,0.1,0.2,0.023,-3.4,-2.7,-6.1,-0.4,"Anthony Lamb","lamban01"
"2020-21",21,"BOS","NBA","SG",18,283,5.1,0.436,0.305,0.203,4.7,9.1,6.9,5.9,1,1.7,13.5,11.3,-0.2,0.2,0,0.003,-4.9,0.2,-4.6,-0.2,"Romeo Langford","langfro01"
"2020-21",26,"TOT","NBA","SG",47,1486,17.8,0.531,0.317,0.221,2.5,13.1,7.8,25.4,2.1,1.7,10.2,28.7,0.9,1.5,2.4,0.077,0.9,-0.5,0.4,0.9,"Caris LeVert","leverca01"
"2020-21",26,"BRK","NBA","SG",12,334,19.1,0.516,0.315,0.17,3.5,13.2,8.6,34.1,1.9,1.6,10.8,31.5,0.3,0.3,0.6,0.084,2.1,-0.6,1.5,0.3,"Caris LeVert","leverca01"
"2020-21",26,"IND","NBA","SG",35,1152,17.4,0.535,0.318,0.238,2.2,13,7.6,22.9,2.2,1.7,10.1,27.9,0.6,1.2,1.8,0.075,0.5,-0.5,0,0.6,"Caris LeVert","leverca01"
"2020-21",28,"GSW","NBA","SG",57,1079,11.8,0.636,0.708,0.161,2.2,15.4,8.9,9.1,1.7,0.7,9.3,12.8,1.4,1.3,2.7,0.119,-0.7,0.9,0.2,0.6,"Damion Lee","leeda03"
"2020-21",21,"DET","NBA","PG",48,781,13.8,0.536,0.11,0.424,2.8,11.1,6.9,33.2,2,1.5,18.1,17,0.7,0.8,1.5,0.091,-2.1,0.2,-2,0,"Saben Lee","leesa01"
"2020-21",27,"TOT","NBA","C",64,979,16.4,0.643,0.09,0.417,8.5,19.7,14.1,7,0.9,5.6,14.3,16.3,1.5,1.3,2.7,0.133,-1.2,1,-0.1,0.5,"Alex Len","lenal01"
"2020-21",27,"TOR","NBA","C",7,76,4.3,0.633,0.6,0.6,0,16.5,8,5.2,0.6,7.9,38.8,11.7,-0.1,0.1,-0.1,-0.033,-6.5,2.5,-4,0,"Alex Len","lenal01"
"2020-21",27,"WAS","NBA","C",57,903,17.5,0.643,0.071,0.41,9.2,20,14.6,7.2,1,5.4,12.9,16.7,1.6,1.2,2.8,0.147,-0.7,0.9,0.2,0.5,"Alex Len","lenal01"
"2020-21",29,"LAC","NBA","SF",52,1773,26,0.622,0.28,0.325,3.6,17.4,10.7,24.9,2.3,1.1,9.2,28.6,6.4,2.4,8.8,0.238,6,1.3,7.3,4.2,"Kawhi Leonard","leonaka01"
"2020-21",28,"MIA","NBA","C",3,29,6.6,0.635,1,0.286,0,27.1,13.8,9.7,0,0,20.2,15.4,0,0,0,0.038,-3.3,-0.4,-3.7,0,"Meyers Leonard","leoname01"
"2020-21",19,"NOP","NBA","PG",54,904,10.3,0.477,0.356,0.151,1.4,7.1,4.3,18.7,2,1,8.6,18.3,0.2,0.6,0.9,0.045,-3.2,-0.2,-3.4,-0.3,"Kira Lewis Jr.","lewiski01"
"2020-21",30,"POR","NBA","PG",67,2398,25.6,0.623,0.528,0.363,1.4,11.5,6.3,34.6,1.3,0.6,11.6,31.4,9.6,0.8,10.4,0.209,7.5,-1.3,6.3,5,"Damian Lillard","lillada01"
"2020-21",20,"POR","NBA","PF",48,640,11.6,0.589,0.479,0.269,5.2,16.5,10.7,4.9,0.4,1.8,8.8,13.8,0.9,0.2,1.1,0.082,-1.1,-1.6,-2.7,-0.1,"Nassir Little","littlna01"
"2020-21",24,"GSW","NBA","C",61,1161,11.9,0.575,0.086,0.244,10.9,18.6,14.8,13.4,0.8,1.7,14.5,9.4,2,1.4,3.4,0.139,-1.8,1,-0.9,0.3,"Kevon Looney","looneke01"
"2020-21",32,"MIL","NBA","C",70,1902,15.4,0.611,0.439,0.222,6,13,9.6,3.5,1,4.8,8.3,16.9,3.1,2.2,5.3,0.133,0,0,0,0.9,"Brook Lopez","lopezbr01"
"2020-21",32,"WAS","NBA","C",71,1354,16.7,0.661,0.042,0.322,11.1,10.2,10.6,5.9,0.5,2.7,13.4,17.1,2.8,0.9,3.7,0.131,0.2,-1.2,-1,0.4,"Robin Lopez","lopezro01"
"2020-21",32,"CLE","NBA","PF",25,622,15.1,0.556,0.619,0.202,3,31.2,16.7,16,1.3,0.3,12.2,21.9,0.3,0.6,0.9,0.073,0.9,-0.9,-0.1,0.3,"Kevin Love","loveke01"
"2020-21",34,"TOR","NBA","PG",46,1601,16.5,0.593,0.555,0.268,2.3,15.1,8.5,31.8,1.4,0.9,15.9,21.4,2.9,1.3,4.1,0.124,2,-0.4,1.6,1.5,"Kyle Lowry","lowryky01"
"2020-21",25,"SAS","NBA","PF",23,358,11.4,0.574,0.444,0.256,2.6,23.3,12.8,5.3,0.8,0.2,5.7,12.9,0.3,0.3,0.6,0.085,-1.3,-0.5,-1.8,0,"Trey Lyles","lylestr01"
"2020-21",19,"OKC","NBA","PG",65,1778,8.2,0.489,0.51,0.22,1.4,11,6.2,18.8,1.5,0.5,17.3,19.4,-1.9,1.1,-0.8,-0.021,-4,-1,-5,-1.3,"Théo Maledon","maledth01"
"2020-21",24,"LAC","NBA","SG",67,1263,13.8,0.603,0.26,0.269,5.1,16.1,10.8,11.3,1.1,0.9,9.3,15.1,2.4,1.3,3.7,0.141,-0.5,0.3,-0.2,0.6,"Terance Mann","mannte01"
"2020-21",32,"DAL","NBA","C",33,271,22.6,0.562,0.066,0.311,19.3,32.7,26,5.9,0.4,2.1,8,24.6,0.7,0.3,1,0.183,1.9,-2.6,-0.8,0.1,"Boban Marjanović","marjabo01"
"2020-21",23,"CHI","NBA","PF",51,1317,15.2,0.619,0.568,0.177,3,19.4,11.3,5,1,1,8.5,20.2,1.7,1.3,3,0.109,1,-0.9,0.1,0.7,"Lauri Markkanen","markkla01"
"2020-21",23,"NOP","NBA","SF",32,700,11.4,0.508,0.397,0.359,2.3,20.6,11.5,16.5,1.8,1.4,13.6,16.8,0.2,0.7,0.9,0.061,-2.1,0.8,-1.3,0.1,"Naji Marshall","marshna01"
"2020-21",25,"CHO","NBA","SF",53,818,9.5,0.465,0.488,0.25,4,14.8,9.3,11.5,2.2,1.5,10.4,16.7,-0.4,0.9,0.5,0.03,-3.6,0.2,-3.4,-0.3,"Caleb Martin","martica02"
"2020-21",25,"CHO","NBA","SF",52,849,10.6,0.5,0.309,0.229,6.5,14.1,10.3,13.9,2.1,1.4,16.2,12.5,0.2,0.9,1.1,0.061,-2.7,0.7,-2,0,"Cody Martin","martico01"
"2020-21",20,"HOU","NBA","SF",45,1068,14.6,0.59,0.302,0.264,7,17.6,12.1,6.8,1.3,3.4,9.7,15.6,1.3,0.9,2.2,0.099,-1.4,-0.4,-1.8,0,"Kenyon Martin Jr.","martike04"
"2020-21",24,"WAS","NBA","SG",64,1038,9.7,0.635,0.835,0.401,1.6,7.2,4.4,3.1,1.3,0.6,3.5,11.5,1.7,0.6,2.3,0.108,-1.7,-0.1,-1.8,0.1,"Garrison Mathews","mathega01"
"2020-21",34,"LAL","NBA","SG",58,1130,7.2,0.517,0.782,0.163,2,7.2,4.6,6.3,1.6,1.3,8.8,11.4,0.2,1.5,1.7,0.073,-3.1,1.4,-1.7,0.1,"Wesley Matthews","matthwe02"
"2020-21",20,"PHI","NBA","SG",61,935,14.5,0.531,0.24,0.163,1.3,10.8,6.1,19.9,1.3,1.2,8.2,23,0.8,1.1,1.9,0.099,-1,-0.5,-1.5,0.1,"Tyrese Maxey","maxeyty01"
"2020-21",23,"ATL","NBA","SG",33,269,16.8,0.569,0.408,0.255,4.2,10,7.1,16.4,2.6,0.7,7.6,19.1,0.5,0.3,0.8,0.14,1.2,0.7,1.9,0.3,"Skylar Mays","mayssk01"
"2020-21",29,"POR","NBA","SG",47,1600,20.8,0.577,0.475,0.15,2,10.6,6.2,23,1.3,1.2,6.5,27.1,4.1,0.6,4.7,0.141,5,-1.1,3.9,2.4,"CJ McCollum","mccolcj01"
"2020-21",28,"IND","NBA","PG",69,1796,16.9,0.583,0.098,0.098,3.3,12.1,7.7,34.3,3.4,1,20.9,15.3,2.6,2.2,4.8,0.128,-0.2,1.7,1.4,1.5,"T.J. McConnell","mccontj01"
"2020-21",20,"MIN","NBA","PF",63,1511,8.9,0.552,0.54,0.123,3.6,13.4,8.3,6.4,1.1,3.4,10.8,12,0.5,0.9,1.4,0.046,-3.3,-0.2,-3.5,-0.6,"Jaden McDaniels","mcdanja02"
"2020-21",23,"CHO","NBA","SF",47,904,11.4,0.554,0.37,0.225,5.3,15.1,10.1,8.6,1.5,2.1,12.6,17,0.3,0.9,1.2,0.062,-2.8,-0.4,-3.2,-0.3,"Jalen McDaniels","mcdanja01"
"2020-21",29,"IND","NBA","PF",66,1619,15.6,0.635,0.43,0.147,4,10.7,7.4,7.8,0.6,0.3,7,20,3.1,0.7,3.8,0.112,1.4,-2,-0.6,0.6,"Doug McDermott","mcderdo01"
"2020-21",33,"TOT","NBA","C",46,678,17,0.541,0.085,0.238,12.6,27.3,19.8,9.7,1.4,7.3,16.2,23.9,-0.1,1.1,1,0.068,-3.3,0.8,-2.5,-0.1,"JaVale McGee","mcgeeja01"
"2020-21",33,"CLE","NBA","C",33,503,18.4,0.554,0.093,0.256,11.7,26.5,18.9,11.4,1.6,7.1,15.8,24.6,0,0.8,0.8,0.074,-2.3,1.2,-1.1,0.1,"JaVale McGee","mcgeeja01"
"2020-21",33,"DEN","NBA","C",13,175,12.9,0.498,0.06,0.179,15,29.7,22.4,4.8,0.8,7.8,17.2,21.8,-0.1,0.3,0.2,0.05,-6.4,-0.3,-6.6,-0.2,"JaVale McGee","mcgeeja01"
"2020-21",29,"DET","NBA","SG",16,194,16.1,0.619,0.343,0.114,4.5,8.1,6.3,13.6,2,0.4,8.7,18.1,0.3,0.2,0.5,0.121,0.7,0,0.7,0.1,"Rodney McGruder","mcgruro01"
"2020-21",24,"MIN","NBA","PG",51,938,12,0.502,0.38,0.124,2.3,10.4,6.2,28,2.6,0.6,16.7,13.7,0.6,0.6,1.2,0.062,-2,0.2,-1.7,0.1,"Jordan McLaughlin","mclaujo01"
"2020-21",22,"MEM","NBA","PG",52,1045,15.2,0.568,0.537,0.13,3,13.4,8.2,17.5,2.7,2.7,13.7,19.5,0.7,1.5,2.2,0.103,0.6,1.7,2.3,1.1,"De'Anthony Melton","meltode01"
"2020-21",24,"MIL","NBA","SG",30,233,11.9,0.603,0.653,0.056,2.8,10.4,6.8,11.4,1.6,0.4,11.9,15,0.3,0.2,0.5,0.102,-0.7,-0.3,-1,0.1,"Sam Merrill","merrisa01"
"2020-21",23,"SAC","NBA","C",36,488,14.5,0.571,0.207,0.24,7,18.7,12.7,8.2,1.4,3.1,12.8,20,0.3,0.3,0.6,0.061,-2.2,-1.3,-3.6,-0.2,"Chimezie Metu","metuch01"
"2020-21",29,"MIL","NBA","SF",68,2269,18.2,0.588,0.34,0.22,2.6,15.7,9.4,23.2,1.5,0.4,13.1,25,4.1,2.2,6.4,0.135,1.7,-0.3,1.3,1.9,"Khris Middleton","middlkh01"
"2020-21",32,"SAS","NBA","PG",68,1685,11.8,0.57,0.702,0.128,1.1,6.3,3.7,13.5,1.2,0.2,9.3,18.4,1.3,0.8,2.2,0.062,0,-1.2,-1.2,0.4,"Patty Mills","millspa02"
"2020-21",24,"PHI","NBA","SG",63,1461,14.6,0.549,0.304,0.264,2.5,8.5,5.6,20.3,1.3,1.1,12.2,24.9,1.1,1.6,2.8,0.091,-0.7,-1,-1.6,0.1,"Shake Milton","miltosh01"
"2020-21",24,"UTA","NBA","PG",53,1771,21.3,0.569,0.423,0.29,3.1,10.6,7,26.7,1.4,0.7,10.7,33.5,3.9,2.2,6.2,0.167,4.6,-0.2,4.3,2.8,"Donovan Mitchell","mitchdo01"
"2020-21",22,"CHO","NBA","SG",42,878,13.6,0.569,0.531,0.18,1.7,10.9,6.2,15.7,1.1,0.5,11.3,23.8,0.5,0.5,1,0.054,0.2,-2,-1.8,0,"Malik Monk","monkma01"
"2020-21",21,"MEM","NBA","PG",63,2053,16.7,0.537,0.252,0.389,3,10.1,6.5,33.5,1.3,0.6,15.3,27.2,1.6,1.6,3.2,0.074,1.3,-1.6,-0.4,0.8,"Ja Morant","moranja01"
"2020-21",31,"LAC","NBA","PF",57,1502,14.5,0.614,0.507,0.152,2.7,14.5,8.8,5.6,1.1,0.9,8.4,20.1,2.1,1.5,3.6,0.115,0.9,-0.8,0,0.8,"Marcus Morris","morrima03"
"2020-21",31,"LAL","NBA","PF",61,1200,9.3,0.509,0.553,0.132,4.5,20.3,12.5,8.6,0.9,1.4,11.9,16.4,-0.2,1.8,1.6,0.062,-2.9,0.3,-2.6,-0.2,"Markieff Morris","morrima02"
"2020-21",25,"DEN","NBA","PG",47,1196,14,0.574,0.346,0.189,1,8,4.6,17.1,1.4,1.1,7.5,16.5,2,0.8,2.9,0.115,0.1,-0.5,-0.3,0.5,"Monte Morris","morrimo01"
"2020-21",24,"SAS","NBA","PG",67,2139,16.5,0.509,0.204,0.138,2.8,21.1,11.8,25.9,2.3,0.3,10.2,23.4,0.7,2.6,3.3,0.074,-0.2,1,0.8,1.5,"Dejounte Murray","murrade01"
"2020-21",23,"DEN","NBA","PG",48,1704,18.3,0.592,0.399,0.193,2.5,10.4,6.5,20.3,1.9,0.7,11.2,24.8,3.1,1.5,4.6,0.129,2.7,-0.7,2,1.7,"Jamal Murray","murraja01"
"2020-21",29,"OKC","NBA","C",35,645,14.7,0.599,0.689,0.135,3,18.4,10.6,7,0.6,1.5,6.9,20,0.9,0.4,1.3,0.096,0.9,-1,-0.1,0.3,"Mike Muscala","muscami01"
"2020-21",23,"TOT","NBA","SF,SG",66,1324,10.4,0.529,0.621,0.099,1.9,11.4,6.6,12.9,1.9,0.8,14.3,20,-0.8,1.1,0.3,0.01,-1.9,-0.7,-2.6,-0.2,"Svi Mykhailiuk","mykhasv01"
"2020-21",23,"DET","NBA","SF",36,634,10.2,0.527,0.767,0.135,1.9,11.2,6.5,13.5,2.1,0.8,14.2,19,-0.3,0.6,0.3,0.025,-1.5,-0.2,-1.8,0,"Svi Mykhailiuk","mykhasv01"
"2020-21",23,"OKC","NBA","SG",30,690,10.6,0.531,0.505,0.071,1.9,11.6,6.7,12.3,1.7,0.8,14.4,21,-0.5,0.5,-0.1,-0.004,-2.3,-1.1,-3.3,-0.2,"Svi Mykhailiuk","mykhasv01"
"2020-21",28,"CLE","NBA","PF",35,1091,13.2,0.557,0.419,0.18,5.4,19,12.1,14.4,2.8,1.4,15.8,13.9,0.5,1.3,1.8,0.08,-1.4,1.8,0.4,0.7,"Larry Nance Jr.","nancela02"
"2020-21",21,"BOS","NBA","SF",46,669,9.4,0.573,0.607,0.157,4.6,16.6,10.6,4.6,1.1,1.3,10.8,13.7,0.5,0.6,1.1,0.076,-2.8,-0.4,-3.2,-0.2,"Aaron Nesmith","nesmiaa01"
"2020-21",28,"WAS","NBA","PG",64,1403,13,0.575,0.367,0.19,2.1,9.6,5.9,14,2.4,0.4,9.9,15.8,1.5,1.3,2.8,0.097,-1.4,0.9,-0.6,0.5,"Raul Neto","netora01"
"2020-21",27,"UTA","NBA","PF",72,1154,11.4,0.602,0.721,0.057,2.7,13,8.1,7.3,1.1,0.6,10.9,17.4,1.2,1.4,2.6,0.108,-0.4,0.1,-0.3,0.5,"Georges Niang","niangge01"
"2020-21",20,"DEN","NBA","PF",42,397,11.3,0.615,0.567,0.144,4,14.5,9.3,3.3,1,1,6,12.9,0.6,0.3,0.9,0.104,-0.6,-1.1,-1.7,0,"Zeke Nnaji","nnajize01"
"2020-21",26,"NYK","NBA","C",64,1547,14.8,0.638,0.013,0.314,10.1,18.4,14.3,4.1,2.3,8.7,20.4,9.2,1.6,3.6,5.2,0.162,-2.4,3.8,1.4,1.3,"Nerlens Noel","noelne01"
"2020-21",21,"MIN","NBA","SG",42,759,12.3,0.528,0.448,0.164,2.6,11.3,6.8,12.5,1.4,1.4,7.2,21.4,0.3,0.4,0.7,0.044,-1.5,-1.4,-2.8,-0.2,"Jaylen Nowell","nowelja01"
"2020-21",22,"NYK","NBA","PG",33,322,7.7,0.512,0.608,0.228,2,8.3,5.2,8.1,2.8,1.2,11.2,13.6,0,0.5,0.5,0.07,-4.2,2.5,-1.7,0,"Frank Ntilikina","ntilila01"
"2020-21",25,"MIA","NBA","PG",56,1650,14.2,0.596,0.486,0.091,1.5,10.8,6.2,14.5,1.6,0.9,10.5,20.9,1.4,1.5,2.9,0.084,-0.1,-0.4,-0.5,0.6,"Kendrick Nunn","nunnke01"
"2020-21",26,"POR","NBA","C",37,880,20.5,0.554,0.09,0.339,10.2,30.7,20.2,21.4,2.1,4,16,22.3,1.2,1.2,2.4,0.133,0.7,1.8,2.5,1,"Jusuf Nurkić","nurkiju01"
"2020-21",22,"MIL","NBA","SF",30,274,16.1,0.586,0.459,0.185,3.6,18.9,11.5,3.6,2.7,2.3,14.1,26,0,0.4,0.4,0.068,-0.7,-0.4,-1.1,0.1,"Jordan Nwora","nworajo01"
"2020-21",27,"UTA","NBA","SF",71,2241,9.9,0.599,0.706,0.117,4.4,18,11.5,10.4,1.2,1.2,16.7,9.6,2.3,3.3,5.6,0.121,-1.2,2.1,1,1.7,"Royce O'Neale","onealro01"
"2020-21",22,"ORL","NBA","PF",45,1133,11.8,0.511,0.435,0.123,3.7,13.2,8.3,13.2,2.1,1.8,10,14.5,0.3,1,1.3,0.056,-1.9,0.5,-1.5,0.1,"Chuma Okeke","okekech01"
"2020-21",22,"MIN","NBA","SG",59,1197,9.1,0.524,0.425,0.425,5.5,8.7,7.1,7,2.1,2,12.5,12.1,0.5,0.8,1.3,0.051,-3.7,0.3,-3.3,-0.4,"Josh Okogie","okogijo01"
"2020-21",20,"ATL","NBA","C",50,601,16.8,0.655,0.02,0.383,11.5,18,14.9,4.4,1.9,4.8,14.3,14.7,1.1,0.8,1.9,0.155,-2.2,0.8,-1.4,0.1,"Onyeka Okongwu","okongon01"
"2020-21",20,"CLE","NBA","SG",67,2173,7.9,0.514,0.383,0.281,3.4,7.3,5.3,8.6,1.4,1,12,14.3,-0.1,1,0.9,0.02,-4.2,-0.9,-5.1,-1.7,"Isaac Okoro","okorois01"
"2020-21",21,"MIA","NBA","PF",37,447,5.2,0.448,0.521,0.156,5.5,11.8,8.7,5.8,1.1,2.6,12.8,11.9,-0.3,0.4,0.1,0.015,-6.5,-0.6,-7.1,-0.6,"KZ Okpala","okpalkz01"
"2020-21",28,"TOT","NBA","SG",33,1080,14.3,0.512,0.415,0.24,1.2,15.1,8,22.8,2,1.2,11.5,28.5,-0.6,1,0.4,0.017,-0.9,-0.8,-1.7,0.1,"Victor Oladipo","oladivi01"
"2020-21",28,"IND","NBA","SG",9,300,15.5,0.535,0.454,0.243,0.4,18,9.2,18.7,2.4,0.5,9.7,26.4,0,0.3,0.4,0.063,0,-0.1,-0.2,0.1,"Victor Oladipo","oladivi01"
"2020-21",28,"HOU","NBA","SG",20,669,14.9,0.508,0.402,0.218,1.2,14.5,7.6,25.3,1.7,1.3,10.9,29.8,-0.3,0.5,0.1,0.009,-0.3,-1,-1.3,0.1,"Victor Oladipo","oladivi01"
"2020-21",28,"MIA","NBA","SG",4,111,8.1,0.471,0.395,0.419,3.1,11.1,7.2,18.9,3.1,1.9,21.6,26.4,-0.3,0.2,-0.1,-0.06,-7.1,-1.6,-8.7,-0.2,"Victor Oladipo","oladivi01"
"2020-21",29,"TOT","NBA","C,PF",70,1997,16.4,0.61,0.528,0.251,4.8,22.5,13.6,16,1.9,2.1,14,19.7,2.5,2.6,5.1,0.121,0.3,0.9,1.2,1.6,"Kelly Olynyk","olynyke01"
"2020-21",29,"MIA","NBA","C",43,1157,12.1,0.549,0.646,0.106,4.4,21.1,12.9,11.7,1.7,2.4,12.3,17.5,0.3,1.6,1.9,0.078,-1.6,1,-0.7,0.4,"Kelly Olynyk","olynyke01"
"2020-21",29,"HOU","NBA","PF",27,840,22.3,0.674,0.389,0.421,5.2,24.5,14.5,21.9,2.2,1.7,15.7,22.9,2.2,1,3.2,0.182,2.9,0.9,3.8,1.2,"Kelly Olynyk","olynyke01"
"2020-21",25,"CLE","NBA","SF",59,1510,10.3,0.488,0.553,0.162,2.8,12.4,7.5,17.7,1.7,0.5,11.3,20.4,-0.5,1,0.5,0.014,-2.3,-0.9,-3.2,-0.5,"Cedi Osman","osmande01"
"2020-21",25,"GSW","NBA","SF",55,1687,13.3,0.529,0.394,0.244,5.2,15.4,10.4,6.5,1.6,2.2,8,22.1,0,2.2,2.2,0.062,-1.4,-0.5,-1.9,0,"Kelly Oubre Jr.","oubreke01"
"2020-21",35,"PHO","NBA","PG",70,2199,21.4,0.599,0.294,0.206,1.3,14.5,8,40.9,2.2,0.8,14,22.6,6.5,2.7,9.2,0.201,3.5,1.1,4.6,3.6,"Chris Paul","paulch01"
"2020-21",26,"PHO","NBA","PG",60,1079,17.4,0.602,0.42,0.142,1.7,13.2,7.6,28.1,1.6,1.3,12.5,19.8,2.4,1.2,3.6,0.158,2.1,1,3.1,1.4,"Cameron Payne","payneca01"
"2020-21",28,"GSW","NBA","PG",10,40,29.2,0.847,0.308,0.308,5.4,23.6,14.6,4.1,7,2.2,6.3,16.8,0.2,0.1,0.3,0.331,1,8.2,9.2,0.1,"Gary Payton II","paytoga02"
"2020-21",25,"NYK","NBA","SG",17,34,-8.1,0.111,0.889,0,0,15.8,8,3.7,0,0,10,13.1,-0.2,0,-0.1,-0.205,-13.2,-2.5,-15.7,-0.1,"Theo Pinson","pinsoth01"
"2020-21",30,"DET","NBA","C",56,1499,18.7,0.638,0.018,0.444,10.6,28.1,19.3,21,1.4,2.9,18.7,16.3,3,2.1,5.1,0.164,0.2,2,2.2,1.6,"Mason Plumlee","plumlma01"
"2020-21",25,"SAS","NBA","C",69,1845,17.5,0.612,0,0.288,12.4,19.3,15.8,10.1,1.2,5.7,14.6,13.4,3.2,2.5,5.7,0.148,-0.5,1.2,0.8,1.3,"Jakob Poeltl","poeltja01"
"2020-21",19,"OKC","NBA","PF",45,1090,6.1,0.43,0.507,0.103,2.8,17.6,10.1,13.1,0.9,3.4,18.8,20.5,-2.9,1,-1.9,-0.084,-5.1,-1,-6.1,-1.1,"Aleksej Pokusevski","pokusal01"
"2020-21",21,"GSW","NBA","SG",51,988,15.1,0.581,0.582,0.251,1.6,8.2,5,15.4,1.2,0.8,8.8,25,1.1,0.9,1.9,0.094,0.7,-1.2,-0.5,0.4,"Jordan Poole","poolejo01"
"2020-21",20,"HOU","NBA","SG",26,835,12.5,0.528,0.439,0.256,2.4,10.5,6.3,31.2,1.1,0.9,18.2,25.4,-0.3,0.3,0,0,-1.1,-2.4,-3.5,-0.3,"Kevin Porter Jr.","porteke02"
"2020-21",22,"DEN","NBA","SF",61,1912,20.6,0.663,0.468,0.164,5.4,20.9,13.2,5.6,1,2.8,8.1,21.7,4.8,2.1,6.9,0.173,4,-0.9,3.1,2.5,"Michael Porter Jr.","portemi01"
"2020-21",27,"TOT","NBA","PF,SF",28,606,14.5,0.552,0.458,0.185,5.2,22.4,13.8,12.9,1.3,0.6,9.2,19.3,0.6,0.7,1.3,0.101,0,0,0,0.3,"Otto Porter Jr.","porteot01"
"2020-21",27,"CHI","NBA","SF",25,540,14.8,0.566,0.47,0.183,5.8,22.4,14.2,13.1,1.1,0.6,10.3,19.5,0.6,0.6,1.2,0.108,0.4,-0.3,0.2,0.3,"Otto Porter Jr.","porteot01"
"2020-21",27,"ORL","NBA","PF",3,66,11.7,0.441,0.36,0.2,0,22.8,11,11.5,2.9,0,0,17.8,0,0.1,0.1,0.05,-3.5,1.7,-1.7,0,"Otto Porter Jr.","porteot01"
"2020-21",25,"MIL","NBA","C",66,1372,19.9,0.598,0.263,0.122,9.9,25.3,17.9,7.4,1.8,1.7,8.2,20.9,2.8,2,4.8,0.167,1.8,-0.4,1.5,1.2,"Bobby Portis","portibo01"
"2020-21",25,"DAL","NBA","C",43,1327,21.3,0.582,0.378,0.202,6.9,24.6,15.8,8.4,0.7,4.1,6.4,26.5,2.6,1.7,4.3,0.154,3,-0.8,2.2,1.4,"Kristaps Porziņģis","porzikr01"
"2020-21",29,"DAL","NBA","C",58,966,16.8,0.688,0.108,0.639,9.2,17.4,13.3,8.9,1.8,2.9,13.9,13.2,2.6,1.2,3.8,0.188,-0.7,1.3,0.6,0.6,"Dwight Powell","poweldw01"
"2020-21",27,"TOT","NBA","SF,SG",69,2205,16.2,0.618,0.453,0.295,2,8.8,5.3,9.2,1.8,0.8,10.3,22.6,3.4,1.3,4.7,0.103,1.1,-0.7,0.4,1.3,"Norman Powell","powelno01"
"2020-21",27,"TOR","NBA","SG",42,1277,17.7,0.645,0.475,0.288,1.6,9.6,5.4,10,1.8,0.6,10.8,24.2,2.3,0.9,3.2,0.12,2.2,-0.7,1.5,1.1,"Norman Powell","powelno01"
"2020-21",27,"POR","NBA","SF",27,928,14.2,0.576,0.418,0.307,2.6,7.8,5.1,8.1,1.8,1,9.5,20.5,1.1,0.4,1.5,0.078,-0.5,-0.7,-1.2,0.2,"Norman Powell","powelno01"
"2020-21",26,"TOT","NBA","PF",41,905,12.1,0.54,0.474,0.232,2.3,15.3,8.8,12.8,1.5,2.3,11.5,19.6,0.2,0.8,1,0.052,-1.2,-0.6,-1.8,0,"Taurean Prince","princta02"
"2020-21",26,"BRK","NBA","PF",12,218,11.7,0.565,0.5,0.365,1.1,15.4,8.6,4.3,1.8,3.2,11.4,19.4,0,0.2,0.3,0.062,-2.2,0.1,-2.2,0,"Taurean Prince","princta02"
"2020-21",26,"CLE","NBA","PF",29,687,12.2,0.532,0.466,0.194,2.7,15.2,8.8,15.5,1.4,1.9,11.6,19.7,0.2,0.5,0.7,0.049,-0.9,-0.8,-1.7,0,"Taurean Prince","princta02"
"2020-21",23,"BOS","NBA","SG",66,1268,12.4,0.582,0.593,0.108,2.9,11.1,6.9,13.3,1.4,0.7,10.8,16.7,1.6,0.9,2.5,0.095,-0.3,-0.4,-0.7,0.4,"Payton Pritchard","pritcpa01"
"2020-21",21,"NYK","NBA","PG",64,1243,15.8,0.557,0.522,0.3,2.2,9.7,6,16.2,1.2,0.9,8.1,25.6,1.8,1.4,3.2,0.125,1.4,-0.5,0.9,0.9,"Immanuel Quickley","quickim01"
"2020-21",26,"NYK","NBA","PF",71,2667,19.7,0.567,0.294,0.325,3.5,25.7,14.7,27.2,1.2,0.6,13.8,29.3,3.4,4.3,7.8,0.14,2.9,0.9,3.8,3.9,"Julius Randle","randlju01"
"2020-21",21,"ATL","NBA","SF",26,750,9.3,0.488,0.479,0.312,3.3,11.7,7.6,6.5,2.2,1.1,10.2,19.3,-0.3,0.7,0.4,0.026,-3.3,0.1,-3.2,-0.2,"Cam Reddish","reddica01"
"2020-21",21,"PHI","NBA","PF",26,177,21.2,0.54,0.077,0.103,19,18.9,19,11,2.7,6.6,12.8,22.7,0.2,0.4,0.6,0.162,-1.8,0.8,-1,0,"Paul Reed","reedpa01"
"2020-21",21,"MIN","NBA","C",70,1347,18.2,0.599,0.299,0.286,6.4,20,12.9,8.7,1.2,4.9,9.5,22.5,1.9,1.3,3.2,0.113,-0.1,-0.2,-0.2,0.6,"Naz Reid","reidna01"
"2020-21",23,"CHO","NBA","PF",18,63,5.5,0.542,0.111,1.222,6.8,12.2,9.5,4.2,0,0,17.8,11.5,0,0,0,0.026,-5.9,-2.1,-8,-0.1,"Nick Richards","richani01"
"2020-21",27,"DAL","NBA","SG",59,1790,11.9,0.537,0.432,0.175,3.2,8.8,6,12.1,1.7,1.2,10.6,18.4,1,1.4,2.4,0.066,-1.5,-0.2,-1.7,0.1,"Josh Richardson","richajo01"
"2020-21",28,"TOT","NBA","SG",36,845,9.9,0.551,0.608,0.127,1.1,9.6,5.4,13.2,1.8,0.2,12.2,15.4,0.4,0.9,1.3,0.072,-2.2,0.3,-1.9,0,"Austin Rivers","riverau01"
"2020-21",28,"NYK","NBA","SG",21,442,9.5,0.545,0.57,0.104,1.2,10.2,5.8,13.9,1.4,0,13.5,16.5,0.1,0.5,0.6,0.063,-2.4,0.2,-2.2,0,"Austin Rivers","riverau01"
"2020-21",28,"DEN","NBA","SG",15,403,10.3,0.558,0.655,0.155,0.8,9,4.9,12.5,2.2,0.5,10.6,14.2,0.3,0.4,0.7,0.081,-2.1,0.4,-1.7,0,"Austin Rivers","riverau01"
"2020-21",26,"MIA","NBA","SF",72,2262,11,0.628,0.855,0.105,0.4,12.1,6.3,8.3,0.9,0.9,9.7,16.6,1.9,1.8,3.7,0.079,-0.2,-0.8,-1,0.6,"Duncan Robinson","robindu01"
"2020-21",22,"NYK","NBA","C",31,853,17.7,0.642,0,0.301,14.5,17.5,16,2.9,2.1,5,11.5,11.8,1.8,1.7,3.4,0.192,-0.3,1.5,1.2,0.7,"Mitchell Robinson","robinmi01"
"2020-21",22,"OKC","NBA","PF",61,1425,11.9,0.555,0.254,0.273,6.4,18.6,12.4,11.4,1.7,2.3,19,17.7,-0.3,1.5,1.3,0.043,-3.7,0.4,-3.3,-0.5,"Isaiah Roby","robyis01"
"2020-21",32,"TOT","NBA","PG",50,1279,18.3,0.55,0.211,0.208,1.7,9.3,5.5,28,1.9,1.4,10.5,25.8,1.6,1.6,3.1,0.118,1.6,0.3,1.9,1.3,"Derrick Rose","rosede01"
"2020-21",32,"DET","NBA","PG",15,342,17.1,0.517,0.212,0.272,1.9,7.6,4.7,32.5,2.6,1,12.3,30,0,0.3,0.4,0.051,0.7,-0.2,0.6,0.2,"Derrick Rose","rosede01"
"2020-21",32,"NYK","NBA","PG",35,937,18.8,0.565,0.211,0.18,1.6,10,5.9,26.3,1.7,1.5,9.6,24.3,1.5,1.2,2.8,0.142,1.9,0.5,2.4,1,"Derrick Rose","rosede01"
"2020-21",29,"ORL","NBA","SG",46,1347,13.2,0.53,0.429,0.224,1.1,11.4,6.1,13.2,1.7,1.4,9.9,24.1,-0.1,1,0.9,0.03,-1.4,-0.8,-2.3,-0.1,"Terrence Ross","rosste01"
"2020-21",26,"CHO","NBA","SG",69,2383,17.1,0.575,0.504,0.178,2.1,11.8,6.9,20,1.8,1.1,9.5,24.4,3.3,2,5.2,0.105,2.2,-0.5,1.6,2.2,"Terry Rozier","roziete01"
"2020-21",30,"MIN","NBA","PG",68,1772,13.5,0.516,0.43,0.301,1.6,12.4,6.8,33.3,2.6,0.2,16.4,16,1.9,1.3,3.1,0.085,-1.9,0,-1.9,0,"Ricky Rubio","rubiori01"
"2020-21",24,"MIN","NBA","PG",42,1196,17.6,0.555,0.475,0.229,1.4,8.9,5,33.6,1.8,1.3,13.5,29.1,1,0.6,1.6,0.063,3.3,-1.7,1.6,1.1,"D'Angelo Russell","russeda01"
"2020-21",24,"IND","NBA","PF",62,2231,20.6,0.601,0.179,0.363,7.3,28.6,18,27.5,1.6,1.2,16.9,24.1,4,3,6.9,0.149,2.3,1.6,3.8,3.3,"Domantas Sabonis","sabondo01"
"2020-21",21,"SAS","NBA","PF",33,308,9.8,0.518,0.41,0.276,5.4,18.3,11.7,6.9,1.3,2.2,14.5,19.5,-0.2,0.3,0.1,0.015,-4.2,-0.7,-4.9,-0.2,"Luka Šamanić","samanlu01"
"2020-21",26,"PHO","NBA","C",50,871,14.3,0.567,0.395,0.289,6.1,18.4,12.4,10.4,1.7,0.4,12.9,22.6,0.7,1,1.7,0.093,-1.4,-0.6,-2,0,"Dario Šarić","saricda01"
"2020-21",27,"LAL","NBA","SG",61,1956,13.8,0.543,0.279,0.32,1.7,10.3,6.1,26.9,1.7,0.6,15.8,22.9,1,2.7,3.8,0.093,-1.3,0.1,-1.2,0.4,"Dennis Schröder","schrode01"
"2020-21",20,"LAC","NBA","SG",4,84,6.3,0.458,0.25,0.139,2.8,15.6,9.4,1.7,2.4,0,15.5,23.8,-0.2,0.1,-0.1,-0.072,-8.1,-2.8,-10.9,-0.2,"Jay Scrubb","scrubja01"
"2020-21",22,"CLE","NBA","SG",60,2115,18,0.573,0.239,0.347,3,7,4.9,22.6,1.4,0.4,11.6,29.7,2.6,0.9,3.5,0.08,1.8,-1.9,-0.2,1,"Collin Sexton","sextoco01"
"2020-21",23,"BRK","NBA","SG",61,1403,10.3,0.578,0.73,0.171,0.9,7.6,4.4,9.3,1.1,0.6,8.9,16.7,1.2,0.6,1.8,0.063,-1,-1.5,-2.4,-0.2,"Landry Shamet","shamela01"
"2020-21",26,"TOR","NBA","PF",56,2006,17.7,0.547,0.256,0.313,5,17.6,11.1,20.5,1.5,1.8,10.6,26.3,2.3,2,4.2,0.101,1,-0.3,0.8,1.4,"Pascal Siakam","siakapa01"
"2020-21",24,"TOT","NBA","PF",15,92,11.5,0.708,0.063,0.938,8.9,24.4,16.8,9.3,0.5,6.6,30.7,15.9,0.1,0.1,0.2,0.101,-6.7,1.1,-5.5,-0.1,"Chris Silva","silvach01"
"2020-21",24,"MIA","NBA","PF",11,83,13.4,0.765,0.077,1.154,9.8,24.4,17.2,10.3,0.6,6.3,31.5,15.5,0.1,0.1,0.2,0.136,-5.3,1.4,-3.9,0,"Chris Silva","silvach01"
"2020-21",24,"SAC","NBA","PF",4,9,-5.9,0.333,0,0,0,25,12.3,0,0,9.4,25,19.1,-0.1,0,0,-0.219,-19.3,-1.3,-20.6,0,"Chris Silva","silvach01"
"2020-21",24,"PHI","NBA","PG",58,1877,18.3,0.584,0.017,0.492,5.6,18.7,12.2,31.3,2.4,1.7,19.6,20.2,2.7,3.3,6,0.153,0.7,2.2,2.9,2.3,"Ben Simmons","simmobe01"
"2020-21",21,"POR","NBA","SG",64,1104,12.3,0.589,0.703,0.142,1.3,12.5,6.8,11.4,0.8,0.6,9.2,18.3,1.5,0.3,1.8,0.078,0.6,-1.6,-1,0.3,"Anfernee Simons","simonan01"
"2020-21",26,"BOS","NBA","PG",48,1581,13.8,0.539,0.553,0.318,2.5,9.3,5.9,23.6,2.2,1.4,14.2,18.4,1.8,1.5,3.3,0.1,-0.4,0.2,-0.3,0.7,"Marcus Smart","smartma01"
"2020-21",23,"TOT","NBA","PG",23,420,13.6,0.492,0.4,0.179,3.1,11.5,7.3,27.8,2.7,2.9,14.3,19,0.1,0.5,0.6,0.07,-1.1,1.5,0.4,0.3,"Dennis Smith Jr.","smithde03"
"2020-21",23,"NYK","NBA","PG",3,28,6.8,0.356,0.4,0.6,0,7.7,3.9,14.4,5.4,0,7.3,21.7,-0.1,0.1,0,-0.015,-8.5,4.7,-3.8,0,"Dennis Smith Jr.","smithde03"
"2020-21",23,"DET","NBA","PG",20,392,14.1,0.504,0.4,0.148,3.4,11.8,7.5,28.8,2.5,3.1,14.8,18.8,0.1,0.5,0.6,0.076,-0.6,1.3,0.7,0.3,"Dennis Smith Jr.","smithde03"
"2020-21",32,"WAS","NBA","PG",44,924,11.6,0.473,0.165,0.111,2.5,14.6,8.6,24.7,1.6,1.2,11.6,15.8,0.2,0.9,1.1,0.056,-2.1,0.5,-1.5,0.1,"Ish Smith","smithis01"
"2020-21",20,"PHO","NBA","PF",27,156,8.4,0.499,0.34,0.14,5.2,21.4,13.4,3.4,0.3,2.9,11.7,17.1,-0.1,0.2,0.1,0.022,-4.8,-1.3,-6.1,-0.2,"Jalen Smith","smithja04"
"2020-21",23,"CLE","NBA","PF",40,499,10.5,0.521,0.184,0.375,5.3,16.6,10.8,7.4,1.7,2.3,12.7,15.8,0,0.5,0.4,0.043,-4.2,0,-4.2,-0.3,"Lamar Stevens","stevela01"
"2020-21",19,"DET","NBA","C",68,1455,16.4,0.597,0.154,0.225,12,22.7,17.3,6.3,1.3,5.2,13,15.5,1.9,2.1,4,0.132,-1.6,0.5,-1.1,0.3,"Isaiah Stewart","stewais01"
"2020-21",24,"MIA","NBA","SF",39,507,12.1,0.597,0.791,0.128,1.1,8,4.6,7.3,1.1,0.4,3.9,18.3,0.6,0.3,0.9,0.088,-0.5,-1.7,-2.2,0,"Max Strus","strusma01"
"2020-21",25,"IND","NBA","SG",53,861,12.7,0.626,0.312,0.294,2.3,9.5,5.9,7.9,1.8,0.9,13.8,18.3,0.7,0.7,1.4,0.077,-2.3,-0.5,-2.8,-0.2,"Edmond Sumner","sumneed01"
"2020-21",25,"HOU","NBA","SF",70,2043,13.8,0.576,0.312,0.235,6.6,13.2,9.8,13.2,2,1.6,12.4,16.4,2.2,1.6,3.8,0.088,-1.6,0.3,-1.4,0.3,"Jae'Sean Tate","tateja01"
"2020-21",22,"BOS","NBA","SF",64,2290,21.3,0.576,0.368,0.258,2.4,20.7,11.5,20.3,1.6,1.3,10.4,30.8,4.1,2.5,6.5,0.137,4.2,-0.3,3.9,3.4,"Jayson Tatum","tatumja01"
"2020-21",34,"CHI","NBA","SG",56,1528,8.2,0.525,0.525,0.131,2.1,9.4,5.8,10.5,1.4,1.7,12.6,13.1,0.2,1.4,1.6,0.05,-3.3,0.3,-3.1,-0.4,"Garrett Temple","templga01"
"2020-21",28,"TOT","NBA","C",65,1601,15,0.609,0.326,0.236,6.5,18.3,12.4,9.5,1.2,3.3,11.4,15.6,2.4,1.8,4.3,0.128,-0.7,0.7,0,0.8,"Daniel Theis","theisda01"
"2020-21",28,"BOS","NBA","C",42,1027,15,0.625,0.33,0.233,5.8,18.1,11.9,9.3,1.2,3.9,11.4,15,1.7,1.2,2.9,0.134,-0.6,1,0.4,0.6,"Daniel Theis","theisda01"
"2020-21",28,"CHI","NBA","C",23,574,14.9,0.584,0.32,0.242,7.6,18.5,13.1,10,1.4,2.1,11.3,16.8,0.7,0.7,1.4,0.116,-1,0.3,-0.7,0.2,"Daniel Theis","theisda01"
"2020-21",23,"PHI","NBA","SG",65,1298,10.1,0.508,0.588,0.074,2.6,7.8,5.3,6.3,3.9,4.9,11.3,9.4,0.1,2.7,2.8,0.102,-2.6,4.5,1.9,1.3,"Matisse Thybulle","thybuma01"
"2020-21",22,"MEM","NBA","PF",59,1085,14.7,0.605,0.217,0.177,7.2,18,12.5,9.4,1.9,2.7,12.3,14.3,1.4,1.5,2.9,0.127,-1.3,1.1,-0.2,0.5,"Xavier Tillman Sr.","tillmxa01"
"2020-21",22,"NYK","NBA","PF",62,683,12.7,0.574,0.407,0.124,4.2,17.6,11,6.4,1.2,2.1,9.4,15.9,0.5,1,1.5,0.109,-1.4,0.7,-0.7,0.2,"Obi Toppin","toppiob01"
"2020-21",27,"GSW","NBA","SG",53,1107,12.6,0.676,0.44,0.148,2.8,19.5,11.3,18.1,1.7,2.1,21.5,11,1.4,1.6,3,0.13,-1.4,2.2,0.8,0.8,"Juan Toscano-Anderson","toscaju01"
"2020-21",25,"MIN","NBA","C",50,1689,23.1,0.612,0.36,0.355,8.2,26.4,17,22.6,1.1,2.9,13.7,29.1,3.8,1.6,5.4,0.153,4.3,0.2,4.5,2.8,"Karl-Anthony Towns","townska01"
"2020-21",22,"TOT","NBA","SG",58,1802,12.1,0.534,0.546,0.135,1.6,7.7,4.6,6.6,1.5,0.5,4.9,20.9,1,0.7,1.7,0.045,-0.5,-1.7,-2.3,-0.1,"Gary Trent Jr.","trentga02"
"2020-21",22,"POR","NBA","SG",41,1262,12.4,0.55,0.582,0.143,1.7,6.1,3.9,6.7,1.4,0.4,5.3,20.1,1.2,0.3,1.5,0.056,-0.1,-1.8,-1.9,0,"Gary Trent Jr.","trentga02"
"2020-21",22,"TOR","NBA","SG",17,540,11.3,0.501,0.475,0.119,1.2,11.6,6.2,6.4,1.7,0.7,4.2,22.9,-0.2,0.4,0.2,0.019,-1.6,-1.5,-3.1,-0.2,"Gary Trent Jr.","trentga02"
"2020-21",35,"TOT","NBA","PF",52,1356,5.5,0.51,0.672,0.158,3.9,12.3,8,5.7,1.4,1.3,17.4,7.2,0.1,0.9,1,0.034,-4.6,0.5,-4.1,-0.7,"P.J. Tucker","tuckepj01"
"2020-21",35,"HOU","NBA","PF",32,959,5.5,0.5,0.656,0.176,3.5,13.3,8.2,6.1,1.4,1.7,19,7.7,-0.2,0.6,0.4,0.021,-5.3,0.7,-4.6,-0.6,"P.J. Tucker","tuckepj01"
"2020-21",35,"MIL","NBA","PF",20,397,5.7,0.539,0.717,0.109,4.9,9.7,7.4,4.6,1.2,0.4,12.7,5.8,0.2,0.3,0.5,0.065,-2.9,0,-2.9,-0.1,"P.J. Tucker","tuckepj01"
"2020-21",24,"IND","NBA","C",47,1455,15.3,0.599,0.477,0.329,4.7,18,11.4,4.4,1.3,8.8,11.9,16.4,1.1,2.2,3.3,0.11,-1.6,2,0.4,0.9,"Myles Turner","turnemy01"
"2020-21",28,"MEM","NBA","C",62,1755,24.4,0.636,0.077,0.273,15.1,31.9,23.4,10,1,2.9,10.7,22.4,5.1,2.6,7.8,0.213,3.2,-0.3,3,2.2,"Jonas Valančiūnas","valanjo01"
"2020-21",26,"TOR","NBA","SG",52,1899,16.8,0.534,0.547,0.22,1.8,11.3,6.4,26.7,2.2,2,9.1,23.9,2.4,1.8,4.3,0.108,2.2,0.2,2.5,2.2,"Fred VanVleet","vanvlfr01"
"2020-21",21,"MIN","NBA","PF",64,1139,16.2,0.612,0.021,0.432,10.8,24.7,17.5,9.3,2.7,3.5,15.9,12.3,1.6,1.5,3.1,0.132,-1.4,1.4,-0.1,0.5,"Jarred Vanderbilt","vandeja01"
"2020-21",20,"SAS","NBA","SF",62,1056,10.6,0.524,0.495,0.168,2.4,15.4,8.8,7.1,2,1.4,6.3,14.3,0.4,1.1,1.5,0.069,-2.2,0.7,-1.5,0.1,"Devin Vassell","vassede01"
"2020-21",24,"MIA","NBA","PG",50,655,7.6,0.498,0.639,0.099,1.8,7.9,4.9,15.1,1.6,0.3,12.3,19.1,-0.4,0.5,0.2,0.011,-4.5,-0.9,-5.4,-0.6,"Gabe Vincent","vincega01"
"2020-21",25,"BRK","NBA","C",4,11,-19,0,0.667,0,0,9.6,5,10.2,0,0,40,19.8,-0.1,0,-0.1,-0.488,-20.9,-5.8,-26.7,-0.1,"Noah Vonleh","vonleno01"
"2020-21",30,"TOT","NBA","C",70,2348,22.9,0.56,0.315,0.112,6.5,30.9,18.5,21.3,1.3,1.8,7.9,29.3,3.3,3,6.3,0.129,4.9,0.4,5.3,4.4,"Nikola Vučević","vucevni01"
"2020-21",30,"ORL","NBA","C",44,1500,23.5,0.565,0.317,0.121,5.8,30.8,17.9,22.1,1.4,1.7,8,29.9,2.1,1.8,3.9,0.125,5.5,0.4,5.9,3,"Nikola Vučević","vucevni01"
"2020-21",30,"CHI","NBA","C",26,848,21.8,0.55,0.311,0.094,7.8,31.2,19.6,20,1.3,2.1,7.8,28.2,1.2,1.2,2.4,0.137,3.8,0.5,4.4,1.4,"Nikola Vučević","vucevni01"
"2020-21",24,"CLE","NBA","PF",63,1212,11.3,0.573,0.685,0.125,3.4,16.8,9.9,8.9,1.4,1.5,8.4,12.9,1.1,0.9,2,0.08,-1.1,-0.1,-1.3,0.2,"Dean Wade","wadede01"
"2020-21",23,"TOT","NBA","C",45,722,12.5,0.58,0.397,0.38,3.9,17.7,10.7,9.7,1.7,2.2,13.9,18.1,0.5,0.8,1.2,0.082,-2.7,0.2,-2.6,-0.1,"Moritz Wagner","wagnemo01"
"2020-21",23,"WAS","NBA","C",25,375,15.4,0.614,0.344,0.426,3.7,16.9,10.3,11.7,2.7,1.8,12.7,18.3,0.5,0.5,1,0.134,-1.5,1.3,-0.1,0.2,"Moritz Wagner","wagnemo01"
"2020-21",23,"BOS","NBA","C",9,61,-1,0.37,0.429,0.143,5.4,29.4,17.3,12.4,0,1.5,37.7,16.9,-0.2,0.1,-0.2,-0.146,-10,-0.3,-10.3,-0.1,"Moritz Wagner","wagnemo01"
"2020-21",23,"ORL","NBA","C",11,286,11.5,0.563,0.462,0.355,3.9,16.1,9.8,6.3,0.7,2.9,10.8,18.2,0.2,0.2,0.4,0.063,-2.9,-1.2,-4,-0.1,"Moritz Wagner","wagnemo01"
"2020-21",30,"BOS","NBA","PG",43,1369,17.7,0.559,0.522,0.22,1.3,12.6,6.9,23.8,1.7,0.8,10.6,26.1,2.1,1.1,3.3,0.115,2.8,-0.7,2.1,1.4,"Kemba Walker","walkeke02"
"2020-21",22,"SAS","NBA","SG",60,1522,9.8,0.523,0.463,0.115,1,10.1,5.4,9.6,0.9,0.8,9.2,20.1,-0.5,0.9,0.4,0.012,-2.3,-1.4,-3.7,-0.7,"Lonnie Walker IV","walkelo01"
"2020-21",30,"HOU","NBA","PG",40,1288,15.4,0.503,0.343,0.291,1.3,9.7,5.3,36.2,1.5,2.1,14.7,31.7,-1,0.8,-0.2,-0.007,1.2,-1.9,-0.7,0.4,"John Wall","walljo01"
"2020-21",27,"IND","NBA","SF",4,117,11.6,0.56,0.137,0.196,1.9,11.1,6.5,6.5,0.8,0,6.7,21.6,0.1,0.1,0.1,0.045,-3.6,-1.9,-5.5,-0.1,"T.J. Warren","warretj01"
"2020-21",22,"CHO","NBA","PF",64,1954,13.4,0.549,0.423,0.211,5.1,18.3,11.6,12.2,1.7,4,14.6,19.4,0.3,2.4,2.7,0.066,-1.5,0.6,-0.9,0.6,"P.J. Washington","washipj01"
"2020-21",26,"TOR","NBA","SF",50,723,12.2,0.565,0.5,0.161,5.3,19.4,12.1,7.7,1.7,2.6,9,12.7,0.7,0.8,1.5,0.102,-1.1,0.5,-0.7,0.2,"Yuta Watanabe","watanyu01"
"2020-21",32,"WAS","NBA","PG",65,2369,19.5,0.509,0.221,0.334,4.9,28.6,16.8,48.6,1.7,0.8,18,30.2,0.5,3.2,3.7,0.075,2.6,1.1,3.7,3.4,"Russell Westbrook","westbru01"
"2020-21",20,"CHI","NBA","PG",69,2156,12,0.54,0.503,0.157,1.5,13,7.3,21.8,0.9,0.6,13.9,22.5,0.7,1.7,2.4,0.052,-1.2,-1.2,-2.4,-0.2,"Coby White","whiteco01"
"2020-21",26,"SAS","NBA","SG",36,1064,15,0.55,0.536,0.252,1.3,9.6,5.4,17.4,1.2,2.9,8.2,22.4,1,0.9,1.9,0.085,1.3,0,1.3,0.9,"Derrick White","whitede01"
"2020-21",25,"GSW","NBA","PF",71,2364,15,0.568,0.348,0.225,3.7,11.8,7.8,10.9,1.3,2.6,9.8,23.3,1.2,2.7,3.9,0.08,0,-0.4,-0.4,1,"Andrew Wiggins","wiggian01"
"2020-21",22,"BOS","NBA","PF",63,1138,7.5,0.546,0.522,0.206,4.7,12.8,8.7,7.4,1.4,2,17.2,12.3,0.1,1,1.1,0.046,-4,0.3,-3.7,-0.5,"Grant Williams","willigr01"
"2020-21",26,"OKC","NBA","PF",66,1426,14,0.599,0.285,0.153,6.1,14,10,16.4,1.8,1.1,14.8,15.3,1.6,1.2,2.8,0.096,-1.2,0.5,-0.7,0.4,"Kenrich Williams","willike04"
"2020-21",19,"CHI","NBA","PF",71,1983,10.5,0.562,0.261,0.237,3.7,14.4,9.1,6.7,1.6,2,14.4,14.9,0.3,2.2,2.5,0.06,-2.8,0.4,-2.4,-0.2,"Patrick Williams","willipa01"
"2020-21",23,"BOS","NBA","C",52,985,25.7,0.719,0.008,0.283,14.9,25.6,20.2,14.2,2.1,8.6,15.2,15,3.4,1.9,5.3,0.258,2.9,3.1,6,2,"Robert Williams","williro04"
"2020-21",20,"NOP","NBA","PF",61,2026,27.1,0.649,0.033,0.51,8.9,14.7,11.8,19.7,1.3,1.8,11.6,29.8,7.1,1.6,8.7,0.205,6.1,-0.3,5.8,4,"Zion Williamson","willizi01"
"2020-21",24,"CLE","NBA","SF",31,513,10.8,0.567,0.592,0.208,4.3,19.5,11.7,9.4,1.8,2.1,18.4,14.8,0,0.5,0.5,0.045,-2,0.3,-1.7,0,"Dylan Windler","windldy01"
"2020-21",24,"MEM","NBA","SF",26,507,6.2,0.395,0.257,0.167,3.7,21.1,12.3,13.3,1.4,2.1,14.1,21.9,-1.3,0.6,-0.7,-0.066,-6.2,0.2,-6,-0.5,"Justise Winslow","winslju01"
"2020-21",19,"GSW","NBA","C",39,836,13.1,0.552,0.103,0.234,7.1,21.5,14.4,4.9,0.6,3.8,12.9,23.8,-0.4,1.2,0.7,0.042,-4,-1,-5,-0.6,"James Wiseman","wisemja01"
"2020-21",25,"HOU","NBA","C",41,1326,20,0.591,0.322,0.309,5.9,26.8,15.9,9.4,1.2,3.2,9.9,25.9,1.4,1.4,2.8,0.1,1.7,-0.3,1.4,1.1,"Christian Wood","woodch01"
"2020-21",28,"TOT","NBA","PG,SG",63,1748,16.3,0.562,0.332,0.243,4.1,13.1,8.6,23,2.8,1.5,12.6,16.3,2.5,1.8,4.3,0.117,0.6,1.5,2.2,1.8,"Delon Wright","wrighde01"
"2020-21",28,"DET","NBA","SG",36,1052,16.5,0.562,0.304,0.307,3.9,13.6,8.7,25.7,2.7,1.6,12.6,15.8,1.7,1.3,2.9,0.134,0.7,2.2,2.9,1.3,"Delon Wright","wrighde01"
"2020-21",28,"SAC","NBA","PG",27,696,15.9,0.563,0.369,0.16,4.4,12.5,8.4,18.9,3,1.3,12.7,17.1,0.8,0.5,1.3,0.092,0.5,0.6,1.2,0.6,"Delon Wright","wrighde01"
"2020-21",32,"CHI","NBA","PF",68,1652,20.3,0.578,0.068,0.171,11.4,16.9,14.2,27.1,2.2,2.1,16.1,22.3,2.8,2.2,5.1,0.147,1.9,1.4,3.3,2.2,"Thaddeus Young","youngth01"
"2020-21",22,"ATL","NBA","PG",63,2125,23,0.589,0.357,0.491,2,10.5,6.3,45.5,1.2,0.5,16.2,33,5.9,1.3,7.2,0.163,5.3,-1.7,3.7,3,"Trae Young","youngtr01"
"2020-21",28,"CHO","NBA","C",48,1005,18.2,0.599,0.086,0.367,12.6,22.9,17.7,13.2,1.3,1.7,11.9,18.3,2.1,1.1,3.3,0.156,-0.2,-0.2,-0.5,0.4,"Cody Zeller","zelleco01"
"2020-21",23,"LAC","NBA","C",72,1609,19.1,0.693,0.01,0.434,13.6,22.4,18.1,7.9,0.7,3.4,14.7,15.1,4.8,2.1,6.9,0.206,0.6,0.4,1,1.2,"Ivica Zubac","zubaciv01"
