"Salary","Player","ID"
"$2,582,160","Precious Achiuwa","achiupr01"
"$29,592,695","Steven Adams","adamsst01"
"$5,115,492","Bam Adebayo","adebaba01"
"$16,750,000","LaMarcus Aldridge","aldrila01"
"$878,340","LaMarcus Aldridge","aldrila01"
"$16,750,000","LaMarcus Aldridge","aldrila01"
"$878,340","LaMarcus Aldridge","aldrila01"
"$16,750,000","LaMarcus Aldridge","aldrila01"
"$878,340","LaMarcus Aldridge","aldrila01"
"$16,750,000","LaMarcus Aldridge","aldrila01"
"$878,340","LaMarcus Aldridge","aldrila01"
"$3,113,160","Nickeil Alexander-Walker","alexani01"
"$2,545,320","Grayson Allen","allengr01"
"$3,909,902","Jarrett Allen","allenja01"
"$3,909,902","Jarrett Allen","allenja01"
"$3,909,902","Jarrett Allen","allenja01"
"$3,909,902","Jarrett Allen","allenja01"
"$9,720,900","Al-Farouq Aminu","aminual01"
"$9,505,100","Kyle Anderson","anderky01"
"$27,528,088","Giannis Antetokounmpo","antetgi01"
"$1,701,593","Thanasis Antetokounmpo","antetth01"
"$2,564,753","Carmelo Anthony","anthoca01"
"$3,285,120","Cole Anthony","anthoco01"
"$3,872,215","OG Anunoby","anunoog01"
"$3,000,000","Ryan Arcidiacono","arcidry01"
"$12,800,000","Trevor Ariza","arizatr01"
"$6,666,667","D.J. Augustin","augusdj01"
"$6,666,667","D.J. Augustin","augusdj01"
"$6,666,667","D.J. Augustin","augusdj01"
"$6,666,667","D.J. Augustin","augusdj01"
"$6,666,667","D.J. Augustin","augusdj01"
"$6,666,667","D.J. Augustin","augusdj01"
"$6,666,667","D.J. Augustin","augusdj01"
"$6,666,667","D.J. Augustin","augusdj01"
"$6,666,667","D.J. Augustin","augusdj01"
"$4,469,160","Deni Avdija","avdijde01"
"$10,018,200","Deandre Ayton","aytonde01"
"$1,678,854","Dwayne Bacon","bacondw01"
"$8,963,640","Marvin Bagley","baglema01"
"$7,839,960","LaMelo Ball","ballla01"
"$11,003,782","Lonzo Ball","balllo01"
"$5,969,040","Mohamed Bamba","bambamo01"
"$1,936,440","Desmond Bane","banede01"
"$22,215,909","Harrison Barnes","barneha02"
"$8,231,760","RJ Barrett","barrerj01"
"$13,723,214","Will Barton","bartowi01"
"< $Minimum","Keita Bates-Diop","bateske01"
"$2,564,753","Nicolas Batum","batumni01"
"$9,043,478","Nicolas Batum","batumni01"
"$7,000,000","Aron Baynes","baynear01"
"$2,320,044","Kent Bazemore","bazemke01"
"$2,399,160","Darius Bazley","bazleda01"
"$28,751,774","Bradley Beal","bealbr01"
"$13,425,895","Malik Beasley","beaslma01"
"$1,737,145","DeAndre' Bembry","bembrde01"
"$15,000,000","Davis Bertans","bertada01"
"$13,333,333","Patrick Beverley","beverpa01"
"$2,689,920","Saddiq Bey","beysa01"
"$2,586,036","Khem Birch","birchkh01"
"$425,463","Khem Birch","birchkh01"
"$2,586,036","Khem Birch","birchkh01"
"$425,463","Khem Birch","birchkh01"
"$2,586,036","Khem Birch","birchkh01"
"$425,463","Khem Birch","birchkh01"
"$2,586,036","Khem Birch","birchkh01"
"$425,463","Khem Birch","birchkh01"
"$2,957,520","Goga Bitadze","bitadgo01"
"$3,500,000","Bismack Biyombo","biyombi01"
"$7,150,000","Nemanja Bjelica","bjeline01"
"$7,150,000","Nemanja Bjelica","bjeline01"
"$7,150,000","Nemanja Bjelica","bjeline01"
"$7,150,000","Nemanja Bjelica","bjeline01"
"$16,875,000","Eric Bledsoe","bledser01"
"$18,000,000","Bogdan Bogdanovic","bogdabo01"
"$17,850,000","Bojan Bogdanovic","bogdabo02"
"$2,058,240","Bol Bol","bolbo01"
"$1,663,861","Isaac Bonga","bongais01"
"$29,467,800","Devin Booker","bookede01"
"$6,500,000","Chris Boucher","bouchch01"
"$5,635,000","Avery Bradley","bradlav01"
"$3,542,060","Tony Bradley","bradlto01"
"$3,542,060","Tony Bradley","bradlto01"
"$3,542,060","Tony Bradley","bradlto01"
"$3,542,060","Tony Bradley","bradlto01"
"$3,542,060","Tony Bradley","bradlto01"
"$3,542,060","Tony Bradley","bradlto01"
"$3,542,060","Tony Bradley","bradlto01"
"$3,542,060","Tony Bradley","bradlto01"
"$3,542,060","Tony Bradley","bradlto01"
"< $Minimum","Jarrell Brantley","brantja01"
"$4,359,000","Mikal Bridges","bridgmi01"
"$3,934,320","Miles Bridges","bridgmi02"
"$300,000","Oshae Brissett","brissos01"
"$955,493","Oshae Brissett","brissos01"
"$20,700,000","Malcolm Brogdon","brogdma01"
"$11,400,000","Dillon Brooks","brookdi01"
"$1,663,861","Bruce Brown","brownbr01"
"$23,437,500","Jaylen Brown","brownja02"
"$1,250,000","Moses Brown","brownmo01"
"< $Minimum","Moses Brown","brownmo01"
"$1,678,854","Sterling Brown","brownst02"
"$3,372,840","Troy Brown","browntr01"
"$3,372,840","Troy Brown","browntr01"
"$3,372,840","Troy Brown","browntr01"
"$3,372,840","Troy Brown","browntr01"
"$1,663,861","Jalen Brunson","brunsja01"
"$4,200,000","Reggie Bullock","bullore01"
"$3,000,000","Trey Burke","burketr01"
"$6,000,000","Alec Burks","burksal01"
"$34,379,100","Jimmy Butler","butleji01"
"< $Minimum","Devontae Cacok","cacokde01"
"$12,073,020","Kentavious Caldwell-Pope","caldwke01"
"$3,200,000","Facundo Campazzo","campafa01"
"$1,517,981","Vlatko Cancar","cancavl01"
"$16,000,000","Clint Capela","capelca01"
"$3,925,000","Jevon Carter","carteje01"
"$5,448,840","Wendell Carter","cartewe01"
"$5,448,840","Wendell Carter","cartewe01"
"$5,448,840","Wendell Carter","cartewe01"
"$5,448,840","Wendell Carter","cartewe01"
"$5,448,840","Wendell Carter","cartewe01"
"$5,448,840","Wendell Carter","cartewe01"
"$5,448,840","Wendell Carter","cartewe01"
"$5,448,840","Wendell Carter","cartewe01"
"$5,448,840","Wendell Carter","cartewe01"
"$3,300,000","Michael Carter-Williams","cartemi01"
"$2,750,000","Alex Caruso","carusal01"
"$4,100,000","Willie Cauley-Stein","caulewi01"
"< $Minimum","Chris Chiozza","chiozch01"
"$2,000,000","Gary Clark","clarkga01"
"< $Minimum","Gary Clark","clarkga01"
"$2,000,000","Gary Clark","clarkga01"
"< $Minimum","Gary Clark","clarkga01"
"$2,000,000","Gary Clark","clarkga01"
"< $Minimum","Gary Clark","clarkga01"
"$2,000,000","Gary Clark","clarkga01"
"< $Minimum","Gary Clark","clarkga01"
"$2,602,920","Brandon Clarke","clarkbr01"
"$11,500,000","Jordan Clarkson","clarkjo01"
"$1,517,981","Nicolas Claxton","claxtni01"
"< $Minimum","Amir Coffey","coffeam01"
"$4,137,302","John Collins","collijo01"
"$34,504,132","Mike Conley","conlemi01"
"$4,938,273","Pat Connaughton","connapa01"
"$1,797,183","Quinn Cook","cookqu01"
"$237,966","Quinn Cook","cookqu01"
"$594,121","Tyler Cook","cookty01"
"$99,020","Tyler Cook","cookty01"
"$594,121","Tyler Cook","cookty01"
"$99,020","Tyler Cook","cookty01"
"$594,121","Tyler Cook","cookty01"
"$99,020","Tyler Cook","cookty01"
"$594,121","Tyler Cook","cookty01"
"$99,020","Tyler Cook","cookty01"
"$2,331,593","DeMarcus Cousins","couside01"
"$654,762","DeMarcus Cousins","couside01"
"$2,331,593","DeMarcus Cousins","couside01"
"$654,762","DeMarcus Cousins","couside01"
"$2,331,593","DeMarcus Cousins","couside01"
"$654,762","DeMarcus Cousins","couside01"
"$2,331,593","DeMarcus Cousins","couside01"
"$654,762","DeMarcus Cousins","couside01"
"$12,138,345","Robert Covington","covinro01"
"$1,678,854","Torrey Craig","craigto01"
"$1,678,854","Torrey Craig","craigto01"
"$1,678,854","Torrey Craig","craigto01"
"$1,678,854","Torrey Craig","craigto01"
"$9,258,000","Jae Crowder","crowdja01"
"$6,104,280","Jarrett Culver","culveja01"
"$7,834,449","Seth Curry","curryse01"
"$43,006,362","Stephen Curry","curryst01"
"$32,742,000","Anthony Davis","davisan02"
"$5,005,350","Ed Davis","davised01"
"$1,517,981","Terence Davis","daviste02"
"$1,517,981","Terence Davis","daviste02"
"$1,517,981","Terence Davis","daviste02"
"$1,517,981","Terence Davis","daviste02"
"$1,517,981","Terence Davis","daviste02"
"$1,517,981","Terence Davis","daviste02"
"$1,517,981","Terence Davis","daviste02"
"$1,517,981","Terence Davis","daviste02"
"$1,517,981","Terence Davis","daviste02"
"$27,739,975","DeMar DeRozan","derozde01"
"$3,044,160","Donte DiVincenzo","divindo01"
"$1,663,861","Hamidou Diallo","diallha01"
"$1,663,861","Hamidou Diallo","diallha01"
"$1,663,861","Hamidou Diallo","diallha01"
"$1,663,861","Hamidou Diallo","diallha01"
"$1,663,861","Hamidou Diallo","diallha01"
"$1,663,861","Hamidou Diallo","diallha01"
"$1,663,861","Hamidou Diallo","diallha01"
"$1,663,861","Hamidou Diallo","diallha01"
"$1,663,861","Hamidou Diallo","diallha01"
"$1,000,000","Gorgui Dieng","dienggo01"
"$16,587,688","Gorgui Dieng","dienggo01"
"$1,000,000","Gorgui Dieng","dienggo01"
"$16,587,688","Gorgui Dieng","dienggo01"
"$1,000,000","Gorgui Dieng","dienggo01"
"$16,587,688","Gorgui Dieng","dienggo01"
"$1,000,000","Gorgui Dieng","dienggo01"
"$16,587,688","Gorgui Dieng","dienggo01"
"$8,049,360","Luka Doncic","doncilu01"
"$1,517,981","Luguentz Dort","dortlu01"
"$2,000,000","Damyean Dotson","dotsoda01"
"$3,449,400","Sekou Doumbouya","doumbse01"
"$1,762,796","PJ Dozier","doziepj01"
"$18,000,000","Goran Dragic","dragigo01"
"$27,957,238","Andre Drummond","drumman01"
"$794,536","Andre Drummond","drumman01"
"$27,957,238","Andre Drummond","drumman01"
"$794,536","Andre Drummond","drumman01"
"$27,957,238","Andre Drummond","drumman01"
"$794,536","Andre Drummond","drumman01"
"$27,957,238","Andre Drummond","drumman01"
"$794,536","Andre Drummond","drumman01"
"$27,957,238","Andre Drummond","drumman01"
"$794,536","Andre Drummond","drumman01"
"$27,957,238","Andre Drummond","drumman01"
"$794,536","Andre Drummond","drumman01"
"$27,957,238","Andre Drummond","drumman01"
"$794,536","Andre Drummond","drumman01"
"$27,957,238","Andre Drummond","drumman01"
"$794,536","Andre Drummond","drumman01"
"$27,957,238","Andre Drummond","drumman01"
"$794,536","Andre Drummond","drumman01"
"$40,108,950","Kevin Durant","duranke01"
"$9,757,440","Anthony Edwards","edwaran01"
"$1,517,981","Carsen Edwards","edwarca01"
"$898,310","CJ Elleby","ellebcj01"
"$1,000,000","Wayne Ellington","ellinwa01"
"$2,564,753","Wayne Ellington","ellinwa01"
"$29,542,010","Joel Embiid","embiijo01"
"$3,300,000","James Ennis","ennisja01"
"$1,620,564","Drew Eubanks","eubandr01"
"$9,258,000","Derrick Favors","favorde01"
"$1,517,981","Bruno Fernando","fernabr01"
"$4,000,000","Dorian Finney-Smith","finnedo01"
"$1,950,600","Malachi Flynn","flynnma01"
"$2,337,145","Bryn Forbes","forbebr01"
"< $Minimum","Trent Forrest","forretr01"
"$17,450,000","Evan Fournier","fournev01"
"$17,450,000","Evan Fournier","fournev01"
"$17,450,000","Evan Fournier","fournev01"
"$17,450,000","Evan Fournier","fournev01"
"$8,099,627","De'Aaron Fox","foxde01"
"$1,620,564","Wenyen Gabriel","gabriwe01"
"$1,517,981","Daniel Gafford","gaffoda01"
"$1,517,981","Daniel Gafford","gaffoda01"
"$1,517,981","Daniel Gafford","gaffoda01"
"$1,517,981","Daniel Gafford","gaffoda01"
"$1,517,981","Daniel Gafford","gaffoda01"
"$1,517,981","Daniel Gafford","gaffoda01"
"$1,517,981","Daniel Gafford","gaffoda01"
"$1,517,981","Daniel Gafford","gaffoda01"
"$1,517,981","Daniel Gafford","gaffoda01"
"$19,500,000","Danilo Gallinari","gallida01"
"$2,028,594","Langston Galloway","gallola01"
"$6,720,720","Darius Garland","garlada01"
"$2,564,753","Marc Gasol","gasolma01"
"$14,500,000","Rudy Gay","gayru01"
"$35,450,412","Paul George","georgpa01"
"$3,283,684","Taj Gibson","gibsota01"
"$1,678,854","Harry Giles","gilesha01"
"$4,141,320","Shai Gilgeous-Alexander","gilgesh01"
"$898,310","Anthony Gill","gillan01"
"$27,525,281","Rudy Gobert","goberru01"
"$1,701,593","Brandon Goodwin","goodwbr01"
"$18,136,364","Aaron Gordon","gordoaa01"
"$18,136,364","Aaron Gordon","gordoaa01"
"$18,136,364","Aaron Gordon","gordoaa01"
"$18,136,364","Aaron Gordon","gordoaa01"
"$18,136,364","Aaron Gordon","gordoaa01"
"$18,136,364","Aaron Gordon","gordoaa01"
"$18,136,364","Aaron Gordon","gordoaa01"
"$18,136,364","Aaron Gordon","gordoaa01"
"$18,136,364","Aaron Gordon","gordoaa01"
"$16,869,276","Eric Gordon","gordoer01"
"$1,663,861","Devonte' Graham","grahade01"
"$19,050,000","Jerami Grant","grantje01"
"$15,365,853","Danny Green","greenda02"
"$22,246,956","Draymond Green","greendr01"
"$7,199,760","JaMychal Green","greenja01"
"$1,517,981","Javonte Green","greenja02"
"$1,517,981","Javonte Green","greenja02"
"$1,517,981","Javonte Green","greenja02"
"$1,517,981","Javonte Green","greenja02"
"$2,564,753","Jeff Green","greenje02"
"$2,816,760","Josh Green","greenjo02"
"$1,229,676","Blake Griffin","griffbl01"
"$32,670,565","Blake Griffin","griffbl01"
"$1,229,676","Blake Griffin","griffbl01"
"$32,670,565","Blake Griffin","griffbl01"
"$1,229,676","Blake Griffin","griffbl01"
"$32,670,565","Blake Griffin","griffbl01"
"$1,229,676","Blake Griffin","griffbl01"
"$32,670,565","Blake Griffin","griffbl01"
"$1,229,676","Blake Griffin","griffbl01"
"$32,670,565","Blake Griffin","griffbl01"
"$1,229,676","Blake Griffin","griffbl01"
"$32,670,565","Blake Griffin","griffbl01"
"$1,229,676","Blake Griffin","griffbl01"
"$32,670,565","Blake Griffin","griffbl01"
"$1,229,676","Blake Griffin","griffbl01"
"$32,670,565","Blake Griffin","griffbl01"
"$1,229,676","Blake Griffin","griffbl01"
"$32,670,565","Blake Griffin","griffbl01"
"< $Minimum","Kyle Guy","guyky01"
"$4,692,840","Rui Hachimura","hachiru01"
"$3,831,840","Tyrese Haliburton","halibty01"
"< $Minimum","Josh Hall","halljo01"
"$2,193,480","R.J. Hampton","hamptrj01"
"$2,193,480","R.J. Hampton","hamptrj01"
"$2,193,480","R.J. Hampton","hamptrj01"
"$2,193,480","R.J. Hampton","hamptrj01"
"$2,193,480","R.J. Hampton","hamptrj01"
"$2,193,480","R.J. Hampton","hamptrj01"
"$2,193,480","R.J. Hampton","hamptrj01"
"$2,193,480","R.J. Hampton","hamptrj01"
"$2,193,480","R.J. Hampton","hamptrj01"
"$18,975,000","Tim Hardaway","hardati02"
"$41,254,920","James Harden","hardeja01"
"$41,254,920","James Harden","hardeja01"
"$41,254,920","James Harden","hardeja01"
"$41,254,920","James Harden","hardeja01"
"$3,623,000","Maurice Harkless","harklma01"
"$3,623,000","Maurice Harkless","harklma01"
"$3,623,000","Maurice Harkless","harklma01"
"$3,623,000","Maurice Harkless","harklma01"
"$9,258,000","Montrezl Harrell","harremo01"
"$19,160,714","Gary Harris","harriga01"
"$19,160,714","Gary Harris","harriga01"
"$19,160,714","Gary Harris","harriga01"
"$19,160,714","Gary Harris","harriga01"
"$16,071,429","Joe Harris","harrijo01"
"$34,358,850","Tobias Harris","harrito02"
"$770,433","Shaquille Harrison","harrish01"
"< $Minimum","Shaquille Harrison","harrish01"
"$3,491,159","Josh Hart","hartjo01"
"$1,620,564","Isaiah Hartenstein","harteis01"
"$1,620,564","Isaiah Hartenstein","harteis01"
"$1,620,564","Isaiah Hartenstein","harteis01"
"$1,620,564","Isaiah Hartenstein","harteis01"
"$5,105,160","Jaxson Hayes","hayesja02"
"$5,307,120","Killian Hayes","hayeski01"
"$28,500,000","Gordon Hayward","haywago01"
"$6,493,000","Juan Hernang<f3>mez","hernaju01"
"$1,737,145","Willy Hernangómez","hernawi01"
"$3,822,240","Tyler Herro","herroty01"
"$24,701,834","Buddy Hield","hieldbu01"
"$9,590,602","George Hill","hillge01"
"$2,174,318","Solomon Hill","hillso01"
"< $Minimum","Nate Hinton","hintona01"
"$2,345,640","Aaron Holiday","holidaa01"
"$25,111,111","Jrue Holiday","holidjr01"
"$5,720,400","Justin Holiday","holidju01"
"$5,005,350","Richaun Holmes","holmeri01"
"$10,047,450","Rodney Hood","hoodro01"
"$10,047,450","Rodney Hood","hoodro01"
"$10,047,450","Rodney Hood","hoodro01"
"$10,047,450","Rodney Hood","hoodro01"
"$27,500,000","Al Horford","horfoal01"
"$1,517,981","Talen Horton-Tucker","hortota01"
"$3,717,000","Danuel House","houseda01"
"$2,564,753","Dwight Howard","howardw01"
"< $Minimum","Markus Howard","howarma02"
"$2,761,920","Kevin Huerter","huertke01"
"$7,422,000","De'Andre Hunter","huntede01"
"$2,443,440","Chandler Hutchison","hutchch01"
"$9,258,000","Serge Ibaka","ibakase01"
"$15,000,000","Andre Iguodala","iguodan01"
"$10,863,637","Joe Ingles","inglejo01"
"$27,285,000","Brandon Ingram","ingrabr01"
"$33,460,350","Kyrie Irving","irvinky01"
"$1,678,854","Wesley Iwundu","iwundwe01"
"$1,678,854","Wesley Iwundu","iwundwe01"
"$1,678,854","Wesley Iwundu","iwundwe01"
"$1,678,854","Wesley Iwundu","iwundwe01"
"$250,000","Frank Jackson","jacksfr01"
"< $Minimum","Frank Jackson","jacksfr01"
"$4,767,000","Josh Jackson","jacksjo02"
"$5,029,650","Justin Jackson","jacksju01"
"< $Minimum","Justin Jackson","jacksju01"
"$5,029,650","Justin Jackson","jacksju01"
"< $Minimum","Justin Jackson","jacksju01"
"$5,029,650","Justin Jackson","jacksju01"
"< $Minimum","Justin Jackson","jacksju01"
"$5,029,650","Justin Jackson","jacksju01"
"< $Minimum","Justin Jackson","jacksju01"
"$2,331,593","Reggie Jackson","jacksre01"
"$1,517,981","Justin James","jamesju01"
"$39,219,566","LeBron James","jamesle01"
"$1,445,697","DaQuan Jeffries","jeffrda01"
"$2,303,040","Ty Jerome","jeromty01"
"$898,310","Isaiah Joe","joeis01"
"$4,235,160","Cameron Johnson","johnsca02"
"$16,047,100","James Johnson","johnsja01"
"$16,047,100","James Johnson","johnsja01"
"$16,047,100","James Johnson","johnsja01"
"$16,047,100","James Johnson","johnsja01"
"$16,047,100","James Johnson","johnsja01"
"$16,047,100","James Johnson","johnsja01"
"$16,047,100","James Johnson","johnsja01"
"$16,047,100","James Johnson","johnsja01"
"$16,047,100","James Johnson","johnsja01"
"$2,048,040","Keldon Johnson","johnske04"
"$3,804,150","Stanley Johnson","johnsst04"
"$2,028,594","Tyler Johnson","johnsty01"
"$29,542,010","Nikola Jokic","jokicni01"
"$237,966","Damian Jones","jonesda03"
"$475,931","Damian Jones","jonesda03"
"$785,285","Damian Jones","jonesda03"
"$9,258,000","Derrick Jones","jonesde02"
"$61,528","Mason Jones","jonesma05"
"< $Minimum","Mason Jones","jonesma05"
"< $Minimum","Mason Jones","jonesma05"
"$61,528","Mason Jones","jonesma05"
"< $Minimum","Mason Jones","jonesma05"
"< $Minimum","Mason Jones","jonesma05"
"$61,528","Mason Jones","jonesma05"
"< $Minimum","Mason Jones","jonesma05"
"< $Minimum","Mason Jones","jonesma05"
"$61,528","Mason Jones","jonesma05"
"< $Minimum","Mason Jones","jonesma05"
"< $Minimum","Mason Jones","jonesma05"
"$898,310","Tre Jones","jonestr01"
"$8,817,143","Tyus Jones","jonesty01"
"$10,375,678","DeAndre Jordan","jordade01"
"$12,600,000","Cory Joseph","josepco01"
"$12,600,000","Cory Joseph","josepco01"
"$12,600,000","Cory Joseph","josepco01"
"$12,600,000","Cory Joseph","josepco01"
"$2,075,880","Mfiondu Kabengele","kabenmf01"
"$356,473","Mfiondu Kabengele","kabenmf01"
"$2,075,880","Mfiondu Kabengele","kabenmf01"
"$356,473","Mfiondu Kabengele","kabenmf01"
"$2,075,880","Mfiondu Kabengele","kabenmf01"
"$356,473","Mfiondu Kabengele","kabenmf01"
"$2,075,880","Mfiondu Kabengele","kabenmf01"
"$356,473","Mfiondu Kabengele","kabenmf01"
"$1,882,867","Frank Kaminsky","kaminfr01"
"$5,005,350","Enes Kanter","kanteen01"
"$5,273,826","Luke Kennard","kennalu01"
"$8,325,000","Maxi Kleber","klebima01"
"< $Minimum","Nathan Knight","knighna01"
"$4,588,680","Kevin Knox","knoxke01"
"$2,100,000","John Konchar","konchjo01"
"$1,762,796","Furkan Korkmaz","korkmfu01"
"$2,250,000","Luke Kornet","kornelu01"
"$1,780,152","Rodions Kurucs","kurucro01"
"$3,562,178","Kyle Kuzma","kuzmaky01"
"$19,500,000","Zach LaVine","lavinza01"
"$10,500,000","Jeremy Lamb","lambje01"
"$3,761,085","Jake Layman","laymaja01"
"$16,203,704","Caris LeVert","leverca01"
"$16,203,704","Caris LeVert","leverca01"
"$16,203,704","Caris LeVert","leverca01"
"$16,203,704","Caris LeVert","leverca01"
"$1,762,796","Damion Lee","leeda03"
"< $Minimum","Saben Lee","leesa01"
"$1,697,755","Alex Len","lenal01"
"$2,258,000","Alex Len","lenal01"
"$1,697,755","Alex Len","lenal01"
"$2,258,000","Alex Len","lenal01"
"$1,697,755","Alex Len","lenal01"
"$2,258,000","Alex Len","lenal01"
"$1,697,755","Alex Len","lenal01"
"$2,258,000","Alex Len","lenal01"
"$34,379,100","Kawhi Leonard","leonaka01"
"$3,640,200","Kira Lewis","lewiski01"
"$31,626,953","Damian Lillard","lillada01"
"$2,210,640","Nassir Little","littlna01"
"$4,821,429","Kevon Looney","looneke01"
"$12,697,675","Brook Lopez","lopezbr01"
"$7,300,000","Robin Lopez","lopezro01"
"$31,258,256","Kevin Love","loveke01"
"$30,500,000","Kyle Lowry","lowryky01"
"$1,824,003","Timothé Luwawu-Cabarrot","luwawti01"
"$5,500,000","Trey Lyles","lylestr01"
"$2,000,000","Théo Maledon","maledth01"
"$1,517,984","Terance Mann","mannte01"
"< $Minimum","Nico Mannion","mannini01"
"$3,500,000","Boban Marjanovic","marjabo01"
"$6,731,508","Lauri Markkanen","markkla01"
"$120,000","Naji Marshall","marshna01"
"< $Minimum","Naji Marshall","marshna01"
"$1,517,981","Caleb Martin","martica02"
"$1,517,981","Cody Martin","martico01"
"$1,445,697","Kelan Martin","martike03"
"$898,310","Kenyon Martin","martike04"
"< $Minimum","Garrison Mathews","mathega01"
"$3,623,000","Wesley Matthews","matthwe02"
"$2,478,840","Tyrese Maxey","maxeyty01"
"< $Minimum","Skylar Mays","mayssk01"
"$29,354,152","CJ McCollum","mccolcj01"
"$3,500,000","T.J. McConnell","mccontj01"
"$1,964,760","Jaden McDaniels","mcdanja02"
"$1,517,981","Jalen McDaniels","mcdanja01"
"$7,333,333","Doug McDermott","mcderdo01"
"$4,200,000","JaVale McGee","mcgeeja01"
"$4,200,000","JaVale McGee","mcgeeja01"
"$4,200,000","JaVale McGee","mcgeeja01"
"$4,200,000","JaVale McGee","mcgeeja01"
"$1,762,796","Alfonzo McKinnie","mckinal01"
"< $Minimum","Jordan McLaughlin","mclaujo01"
"$2,283,034","Ben McLemore","mclembe01"
"$569,674","Ben McLemore","mclembe01"
"$2,283,034","Ben McLemore","mclembe01"
"$569,674","Ben McLemore","mclembe01"
"$2,283,034","Ben McLemore","mclembe01"
"$569,674","Ben McLemore","mclembe01"
"$2,283,034","Ben McLemore","mclembe01"
"$569,674","Ben McLemore","mclembe01"
"$2,283,034","Ben McLemore","mclembe01"
"$569,674","Ben McLemore","mclembe01"
"$2,283,034","Ben McLemore","mclembe01"
"$569,674","Ben McLemore","mclembe01"
"$2,283,034","Ben McLemore","mclembe01"
"$569,674","Ben McLemore","mclembe01"
"$2,283,034","Ben McLemore","mclembe01"
"$569,674","Ben McLemore","mclembe01"
"$2,283,034","Ben McLemore","mclembe01"
"$569,674","Ben McLemore","mclembe01"
"$3,897,436","Nicolò Melli","mellini01"
"$3,897,436","Nicolò Melli","mellini01"
"$3,897,436","Nicolò Melli","mellini01"
"$3,897,436","Nicolò Melli","mellini01"
"$3,897,436","Nicolò Melli","mellini01"
"$3,897,436","Nicolò Melli","mellini01"
"$3,897,436","Nicolò Melli","mellini01"
"$3,897,436","Nicolò Melli","mellini01"
"$3,897,436","Nicolò Melli","mellini01"
"$9,571,712","De'Anthony Melton","meltode01"
"$898,310","Sam Merrill","merrisa01"
"$750,000","Chimezie Metu","metuch01"
"< $Minimum","Chimezie Metu","metuch01"
"$33,051,724","Khris Middleton","middlkh01"
"$13,535,714","Patty Mills","millspa02"
"$10,000,000","Paul Millsap","millspa01"
"$1,701,593","Shake Milton","miltosh01"
"$5,195,501","Donovan Mitchell","mitchdo01"
"$5,345,687","Malik Monk","monkma01"
"$2,331,593","E'Twaun Moore","mooreet01"
"$9,166,800","Ja Morant","moranja01"
"$1,517,981","Juwan Morgan","morgaju01"
"$14,883,721","Marcus Morris","morrima03"
"$2,331,593","Markieff Morris","morrima02"
"$1,723,707","Monte Morris","morrimo01"
"$1,517,981","Mychal Mulder","muldemy01"
"$14,286,000","Dejounte Murray","murrade01"
"$27,285,000","Jamal Murray","murraja01"
"$2,283,034","Mike Muscala","muscami01"
"$1,663,861","Sviatoslav Mykhailiuk","mykhasv01"
"$1,663,861","Sviatoslav Mykhailiuk","mykhasv01"
"$1,663,861","Sviatoslav Mykhailiuk","mykhasv01"
"$1,663,861","Sviatoslav Mykhailiuk","mykhasv01"
"$1,663,861","Sviatoslav Mykhailiuk","mykhasv01"
"$1,663,861","Sviatoslav Mykhailiuk","mykhasv01"
"$1,663,861","Sviatoslav Mykhailiuk","mykhasv01"
"$1,663,861","Sviatoslav Mykhailiuk","mykhasv01"
"$1,663,861","Sviatoslav Mykhailiuk","mykhasv01"
"$1,752,950","Abdel Nader","naderab01"
"$11,709,091","Larry Nance","nancela02"
"$3,458,400","Aaron Nesmith","nesmiaa01"
"$1,882,867","Raul Neto","netora01"
"$1,783,557","Georges Niang","niangge01"
"$2,379,840","Zeke Nnaji","nnajize01"
"$5,000,000","Nerlens Noel","noelne01"
"$1,517,981","Jaylen Nowell","nowelja01"
"$6,176,578","Frank Ntilikina","ntilila01"
"$1,663,861","Kendrick Nunn","nunnke01"
"$12,888,889","Jusuf Nurkic","nurkiju01"
"$1,824,003","David Nwaba","nwabada01"
"$898,310","Jordan Nwora","nworajo01"
"$8,500,000","Royce O'Neale","onealro01"
"$1,752,950","Semi Ojeleye","ojelese01"
"$1,882,867","Jahlil Okafor","okafoja01"
"$3,121,080","Chuma Okeke","okekech01"
"$2,651,040","Josh Okogie","okogijo01"
"$5,813,640","Onyeka Okongwu","okongon01"
"$6,400,920","Isaac Okoro","okorois01"
"$1,517,981","KZ Okpala","okpalkz01"
"$21,000,000","Victor Oladipo","oladivi01"
"$21,000,000","Victor Oladipo","oladivi01"
"$21,000,000","Victor Oladipo","oladivi01"
"$21,000,000","Victor Oladipo","oladivi01"
"$12,819,649","Kelly Olynyk","olynyke01"
"$12,819,649","Kelly Olynyk","olynyke01"
"$12,819,649","Kelly Olynyk","olynyke01"
"$12,819,649","Kelly Olynyk","olynyke01"
"$12,819,649","Kelly Olynyk","olynyke01"
"$12,819,649","Kelly Olynyk","olynyke01"
"$12,819,649","Kelly Olynyk","olynyke01"
"$12,819,649","Kelly Olynyk","olynyke01"
"$12,819,649","Kelly Olynyk","olynyke01"
"$1,517,981","Miye Oni","onimi01"
"$8,840,580","Cedi Osman","osmande01"
"$898,310","Daniel Oturu","oturuda01"
"$14,375,000","Kelly Oubre","oubreke01"
"$1,517,981","Eric Paschall","pascher01"
"$3,077,704","Patrick Patterson","pattepa01"
"$737,067","Patrick Patterson","pattepa01"
"$41,358,814","Chris Paul","paulch01"
"$1,977,011","Cameron Payne","payneca01"
"$5,767,000","Elfrid Payton","paytoel01"
"< $Minimum","Reggie Perry","perryre01"
"$8,000,000","Mason Plumlee","plumlma01"
"$8,101,852","Jakob Poeltl","poeltja01"
"$2,964,840","Aleksej Pokusevski","pokusal01"
"$2,063,280","Jordan Poole","poolejo01"
"$1,717,981","Kevin Porter","porteke02"
"$3,550,800","Michael Porter","portemi01"
"$28,489,239","Otto Porter","porteot01"
"$28,489,239","Otto Porter","porteot01"
"$28,489,239","Otto Porter","porteot01"
"$28,489,239","Otto Porter","porteot01"
"$3,623,000","Bobby Portis","portibo01"
"$29,467,800","Kristaps Porzingis","porzikr01"
"$11,080,125","Dwight Powell","poweldw01"
"$10,865,952","Norman Powell","powelno01"
"$10,865,952","Norman Powell","powelno01"
"$10,865,952","Norman Powell","powelno01"
"$10,865,952","Norman Powell","powelno01"
"$10,865,952","Norman Powell","powelno01"
"$10,865,952","Norman Powell","powelno01"
"$10,865,952","Norman Powell","powelno01"
"$10,865,952","Norman Powell","powelno01"
"$10,865,952","Norman Powell","powelno01"
"$12,250,000","Taurean Prince","princta02"
"$12,250,000","Taurean Prince","princta02"
"$12,250,000","Taurean Prince","princta02"
"$12,250,000","Taurean Prince","princta02"
"$2,035,800","Payton Pritchard","pritcpa01"
"$2,105,520","Immanuel Quickley","quickim01"
"< $Minimum","Chasson Randle","randlch01"
"$18,900,000","Julius Randle","randlju01"
"$4,458,000","Cam Reddish","reddica01"
"$13,013,700","J.J. Redick","redicjj01"
"$13,013,700","J.J. Redick","redicjj01"
"$13,013,700","J.J. Redick","redicjj01"
"$13,013,700","J.J. Redick","redicjj01"
"$609,128","Paul Reed","reedpa01"
"< $Minimum","Paul Reed","reedpa01"
"$1,517,981","Naz Reid","reidna01"
"$10,865,952","Josh Richardson","richajo01"
"$3,500,000","Austin Rivers","riverau01"
"$429,049","Austin Rivers","riverau01"
"$3,500,000","Austin Rivers","riverau01"
"$429,049","Austin Rivers","riverau01"
"$3,500,000","Austin Rivers","riverau01"
"$429,049","Austin Rivers","riverau01"
"$3,500,000","Austin Rivers","riverau01"
"$429,049","Austin Rivers","riverau01"
"$1,663,861","Duncan Robinson","robindu01"
"$930,930","Glenn Robinson","robingl02"
"$1,663,861","Mitchell Robinson","robinmi01"
"$1,517,981","Isaiah Roby","robyis01"
"$8,250,000","Rajon Rondo","rondora01"
"$8,250,000","Rajon Rondo","rondora01"
"$8,250,000","Rajon Rondo","rondora01"
"$8,250,000","Rajon Rondo","rondora01"
"$7,682,926","Derrick Rose","rosede01"
"$7,682,926","Derrick Rose","rosede01"
"$7,682,926","Derrick Rose","rosede01"
"$7,682,926","Derrick Rose","rosede01"
"$13,500,000","Terrence Ross","rosste01"
"$18,900,000","Terry Rozier","roziete01"
"$17,000,000","Ricky Rubio","rubiori01"
"$28,649,250","D'Angelo Russell","russeda01"
"$19,800,000","Domantas Sabonis","sabondo01"
"$2,824,320","Luka amanic","samanlu01"
"$1,882,867","JaKarr Sampson","sampsja02"
"$9,250,000","Dario aric","saricda01"
"$10,000,000","Tomá Satoranský","satorto01"
"$16,000,000","Dennis Schröder","schrode01"
"$5,005,350","Mike Scott","scottmi01"
"$4,991,880","Collin Sexton","sextoco01"
"$2,090,040","Landry Shamet","shamela01"
"$30,559,200","Pascal Siakam","siakapa01"
"$30,559,200","Ben Simmons","simmobe01"
"$2,252,040","Anfernee Simons","simonan01"
"$898,310","Deividas Sirvydis","sirvyde01"
"$13,446,428","Marcus Smart","smartma01"
"$5,686,677","Dennis Smith","smithde03"
"$5,686,677","Dennis Smith","smithde03"
"$5,686,677","Dennis Smith","smithde03"
"$5,686,677","Dennis Smith","smithde03"
"$6,000,000","Ish Smith","smithis01"
"$4,245,720","Jalen Smith","smithja04"
"$12,178,571","Tony Snell","snellto01"
"< $Minimum","Cassius Stanley","stanlca01"
"$652,366","Lamar Stevens","stevela01"
"< $Minimum","Lamar Stevens","stevela01"
"$3,121,080","Isaiah Stewart","stewais01"
"< $Minimum","Max Strus","strusma01"
"$2,160,000","Edmond Sumner","sumneed01"
"$1,445,967","Jae'Sean Tate","tateja01"
"$9,897,120","Jayson Tatum","tatumja01"
"$2,564,753","Jeff Teague","teaguje01"
"$808,073","Jeff Teague","teaguje01"
"$2,564,753","Jeff Teague","teaguje01"
"$808,073","Jeff Teague","teaguje01"
"$2,564,753","Jeff Teague","teaguje01"
"$808,073","Jeff Teague","teaguje01"
"$2,564,753","Jeff Teague","teaguje01"
"$808,073","Jeff Teague","teaguje01"
"$2,564,753","Jeff Teague","teaguje01"
"$808,073","Jeff Teague","teaguje01"
"$2,564,753","Jeff Teague","teaguje01"
"$808,073","Jeff Teague","teaguje01"
"$2,564,753","Jeff Teague","teaguje01"
"$808,073","Jeff Teague","teaguje01"
"$2,564,753","Jeff Teague","teaguje01"
"$808,073","Jeff Teague","teaguje01"
"$2,564,753","Jeff Teague","teaguje01"
"$808,073","Jeff Teague","teaguje01"
"$4,767,000","Garrett Temple","templga01"
"$5,000,000","Daniel Theis","theisda01"
"$5,000,000","Daniel Theis","theisda01"
"$5,000,000","Daniel Theis","theisda01"
"$5,000,000","Daniel Theis","theisda01"
"$5,000,000","Daniel Theis","theisda01"
"$5,000,000","Daniel Theis","theisda01"
"$5,000,000","Daniel Theis","theisda01"
"$5,000,000","Daniel Theis","theisda01"
"$5,000,000","Daniel Theis","theisda01"
"< $Minimum","Brodric Thomas","thomabr01"
"< $Minimum","Brodric Thomas","thomabr01"
"< $Minimum","Brodric Thomas","thomabr01"
"< $Minimum","Brodric Thomas","thomabr01"
"$1,517,981","Matt Thomas","thomama02"
"$1,517,981","Matt Thomas","thomama02"
"$1,517,981","Matt Thomas","thomama02"
"$1,517,981","Matt Thomas","thomama02"
"$9,258,000","Tristan Thompson","thomptr01"
"$977,415","Sindarius Thornwell","thornsi01"
"< $Minimum","Sindarius Thornwell","thornsi01"
"$2,711,280","Matisse Thybulle","thybuma01"
"$1,300,000","Xavier Tillman","tillmxa01"
"$4,862,040","Obi Toppin","toppiob01"
"$358,295","Juan Toscano-Anderson","toscaju01"
"< $Minimum","Juan Toscano-Anderson","toscaju01"
"$29,467,800","Karl-Anthony Towns","townska01"
"$1,663,861","Gary Trent","trentga02"
"$1,663,861","Gary Trent","trentga02"
"$1,663,861","Gary Trent","trentga02"
"$1,663,861","Gary Trent","trentga02"
"$7,969,537","P.J. Tucker","tuckepj01"
"$7,969,537","P.J. Tucker","tuckepj01"
"$7,969,537","P.J. Tucker","tuckepj01"
"$7,969,537","P.J. Tucker","tuckepj01"
"$7,969,537","P.J. Tucker","tuckepj01"
"$7,969,537","P.J. Tucker","tuckepj01"
"$7,969,537","P.J. Tucker","tuckepj01"
"$7,969,537","P.J. Tucker","tuckepj01"
"$7,969,537","P.J. Tucker","tuckepj01"
"$18,000,000","Myles Turner","turnemy01"
"$15,000,000","Jonas Valanciunas","valanjo01"
"$4,642,800","Denzel Valentine","valende01"
"$21,250,000","Fred VanVleet","vanvlfr01"
"$1,663,861","Jarred Vanderbilt","vandeja01"
"$4,033,440","Devin Vassell","vassede01"
"< $Minimum","Gabe Vincent","vincega01"
"$26,000,000","Nikola Vucevic","vucevni01"
"$26,000,000","Nikola Vucevic","vucevni01"
"$26,000,000","Nikola Vucevic","vucevni01"
"$26,000,000","Nikola Vucevic","vucevni01"
"$26,000,000","Nikola Vucevic","vucevni01"
"$26,000,000","Nikola Vucevic","vucevni01"
"$26,000,000","Nikola Vucevic","vucevni01"
"$26,000,000","Nikola Vucevic","vucevni01"
"$26,000,000","Nikola Vucevic","vucevni01"
"$1,517,981","Dean Wade","wadede01"
"$2,161,920","Moritz Wagner","wagnemo01"
"$221,995","Moritz Wagner","wagnemo01"
"$2,161,920","Moritz Wagner","wagnemo01"
"$221,995","Moritz Wagner","wagnemo01"
"$2,161,920","Moritz Wagner","wagnemo01"
"$221,995","Moritz Wagner","wagnemo01"
"$2,161,920","Moritz Wagner","wagnemo01"
"$221,995","Moritz Wagner","wagnemo01"
"$34,379,100","Kemba Walker","walkeke02"
"$2,892,000","Lonnie Walker","walkelo01"
"$41,254,920","John Wall","walljo01"
"$2,250,000","Brad Wanamaker","wanambr01"
"$2,250,000","Brad Wanamaker","wanambr01"
"$2,250,000","Brad Wanamaker","wanambr01"
"$2,250,000","Brad Wanamaker","wanambr01"
"$2,250,000","Brad Wanamaker","wanambr01"
"$2,250,000","Brad Wanamaker","wanambr01"
"$2,250,000","Brad Wanamaker","wanambr01"
"$2,250,000","Brad Wanamaker","wanambr01"
"$2,250,000","Brad Wanamaker","wanambr01"
"$4,023,600","P.J. Washington","washipj01"
"$321,893","Yuta Watanabe","watanyu01"
"< $Minimum","Yuta Watanabe","watanyu01"
"< $Minimum","Tremont Waters","watertr01"
"$1,445,697","Paul Watson","watsopa01"
"< $Minimum","Quinndary Weatherspoon","weathqu01"
"$41,358,814","Russell Westbrook","westbru01"
"$5,572,680","Coby White","whiteco01"
"$3,516,284","Derrick White","whitede01"
"$2,320,044","Hassan Whiteside","whiteha01"
"$29,542,010","Andrew Wiggins","wiggian01"
"$2,498,760","Grant Williams","willigr01"
"$2,000,000","Kenrich Williams","willike04"
"$8,000,000","Lou Williams","willilo02"
"$8,000,000","Lou Williams","willilo02"
"$8,000,000","Lou Williams","willilo02"
"$8,000,000","Lou Williams","willilo02"
"$8,000,000","Lou Williams","willilo02"
"$8,000,000","Lou Williams","willilo02"
"$8,000,000","Lou Williams","willilo02"
"$8,000,000","Lou Williams","willilo02"
"$8,000,000","Lou Williams","willilo02"
"$7,068,360","Patrick Williams","willipa01"
"$2,029,920","Robert Williams","williro04"
"$10,245,480","Zion Williamson","willizi01"
"$4,548,280","D.J. Wilson","wilsodj01"
"$4,548,280","D.J. Wilson","wilsodj01"
"$4,548,280","D.J. Wilson","wilsodj01"
"$4,548,280","D.J. Wilson","wilsodj01"
"$2,137,440","Dylan Windler","windldy01"
"$13,000,000","Justise Winslow","winslju01"
"< $Minimum","Cassius Winston","winstca01"
"$8,730,240","James Wiseman","wisemja01"
"$13,015,874","Christian Wood","woodch01"
"$9,000,000","Delon Wright","wrighde01"
"$9,000,000","Delon Wright","wrighde01"
"$9,000,000","Delon Wright","wrighde01"
"$9,000,000","Delon Wright","wrighde01"
"$9,000,000","Delon Wright","wrighde01"
"$9,000,000","Delon Wright","wrighde01"
"$9,000,000","Delon Wright","wrighde01"
"$9,000,000","Delon Wright","wrighde01"
"$9,000,000","Delon Wright","wrighde01"
"$13,545,000","Thaddeus Young","youngth01"
"$6,571,800","Trae Young","youngtr01"
"$15,415,730","Cody Zeller","zelleco01"
"$7,000,000","Ivica Zubac","zubaciv01"
